Name,Rating,Food Type,Price_range,area
The Biryani Life,4.0,"Biryani, Hyderabadi, Lucknowi, North Indian, Mughlai, Desserts",₹200 FOR TWO,ahmedabad
Pizza Hut,3.5,Pizzas,₹600 FOR TWO,ahmedabad
Topaz,3.9,"Indian, Chinese",₹500 FOR TWO,ahmedabad
The Healthy Stove,3.7,"North Indian, Healthy Food, Salads, Chinese, Thalis, Street Food, Beverages, Bir...",₹200 FOR TWO,ahmedabad
Jugaadi Adda,4.3,Indian,₹300 FOR TWO,ahmedabad
Sasuma,3.9,"Gujarati, Snacks, North Indian",₹100 FOR TWO,ahmedabad
Eat Punjab,4.2,"North Indian, Indian, Beverages",₹500 FOR TWO,ahmedabad
Apna Punjab Parattha,3.9,Indian,₹250 FOR TWO,ahmedabad
United Farmers Creamery - UFC,4.0,"Beverages, Desserts, Waffle, Ice Cream",₹300 FOR TWO,ahmedabad
Gwalia Sweets & Fast Food,4.5,"Sweets, North Indian, Chaat, Snacks, Bakery, Desserts, Beverages",₹250 FOR TWO,ahmedabad
Shiva'S Coffee Bar & Snacks,4.0,"Pizzas, Beverages",₹250 FOR TWO,ahmedabad
Nini'S Kitchen,4.3,"North Indian, Italian, Lebanese, American, Mexican",₹800 FOR TWO,ahmedabad
NIC Natural Ice Creams,4.6,"Ice Cream, Desserts",₹120 FOR TWO,ahmedabad
Oven Story Pizza,3.9,"Pizzas, Italian",₹400 FOR TWO,ahmedabad
La Tasty Sevusal,3.8,"Fast Food, Snacks",₹200 FOR TWO,ahmedabad
Shreejikrupa,4.3,Snacks,₹200 FOR TWO,ahmedabad
Hocco Eatery,4.2,"Street Food, Desserts, Ice Cream, Beverages",₹250 FOR TWO,ahmedabad
The Belgian Waffle Co.,4.2,"Waffle, Desserts, Ice Cream",₹200 FOR TWO,ahmedabad
Bablu Shree Farali Centre,3.8,Indian,₹200 FOR TWO,ahmedabad
Taco Bell,3.8,Mexican,₹300 FOR TWO,ahmedabad
Iscon Thal,4.3,"Gujarati, Thalis, Indian, Sweets, Desserts, Jain",₹200 FOR TWO,ahmedabad
The Swad,3.8,"Thalis, Punjabi, Gujarati, North Indian, Chinese, Combo, Desserts",₹200 FOR TWO,ahmedabad
Jassi De Parathe,4.3,North Indian,₹600 FOR TWO,ahmedabad
Nisar Hotel,4.0,"Chinese, Mughlai, North Indian",₹250 FOR TWO,ahmedabad
Kilos,4.2,"North Indian, Punjabi, Thalis, Salads, Beverages, Chinese, Tandoor",₹150 FOR TWO,ahmedabad
Hocco Eatery,4.1,"North Indian, Pizzas",₹400 FOR TWO,ahmedabad
Brothers Brand,4.1,"Indian, Chinese, Continental, North Indian, Biryani, Punjabi, Thalis, Tandoor, P...",₹550 FOR TWO,ahmedabad
9834 The Fruit Truck,4.3,"Juices, Beverages, Desserts, Healthy Food",₹200 FOR TWO,ahmedabad
Rotlo Gujarati Rasthal,4.0,Gujarati,₹300 FOR TWO,ahmedabad
Season 9,3.8,"Indian, Chinese, Continental",₹250 FOR TWO,ahmedabad
McDonald's,4.1,"Burgers, Beverages, Cafe, Desserts",₹400 FOR TWO,ahmedabad
Shakti - The Sandwich Shop,3.8,"Snacks, Pizzas",₹250 FOR TWO,ahmedabad
Faasos - Wraps & Rolls,4.2,"Fast Food, Snacks, North Indian, Indian, Healthy Food, Desserts, Beverages",₹200 FOR TWO,ahmedabad
La Milano Pizzeria,4.3,"Pizzas, Italian, Pastas, Desserts",₹199 FOR TWO,ahmedabad
Jayhind Sweets,4.4,Sweets,₹300 FOR TWO,ahmedabad
Om Food Center,3.8,"Gujarati, North Indian, Punjabi, Thalis, Desserts",₹200 FOR TWO,ahmedabad
Kesar Foods,4.3,Indian,₹400 FOR TWO,ahmedabad
The Good Bowl,4.2,"North Indian, Punjabi, Biryani, Chinese, Beverages, Desserts, Jain, Indian, Hyde...",₹400 FOR TWO,ahmedabad
Om Food Center - Vastrapur Lake,3.9,"Indian, North Indian, Punjabi, Gujarati, Thalis, Combo",₹200 FOR TWO,ahmedabad
Kabir Restaurant,4.3,"Indian, Gujarati, Chinese, South Indian, Snacks",₹400 FOR TWO,ahmedabad
Prince Bhajipav,3.3,Chinese,₹200 FOR TWO,ahmedabad
Food On Way,4.1,"North Indian, Chinese, Gujarati, Thalis, Punjabi, Indian, Beverages, Salads, Hom...",₹200 FOR TWO,ahmedabad
R.K. Egg Eatery,4.0,"Indian, Mughlai, Snacks, North Indian",₹200 FOR TWO,ahmedabad
La Pino'Z Pizza,4.1,"Pizzas, Pastas, Beverages, Fast Food, Italian, Desserts",₹400 FOR TWO,ahmedabad
KFC,3.9,"American, Snacks, Biryani",₹400 FOR TWO,ahmedabad
Burger King,3.8,"Burgers, American",₹350 FOR TWO,ahmedabad
Samosa & Co. By TGB (Vastrapur),4.4,Snacks,₹200 FOR TWO,ahmedabad
Jalaram Parotha House,4.3,"Fast Food, Indian, South Indian",₹200 FOR TWO,ahmedabad
Iscon Ganthiya,4.1,"Indian, Thalis, Snacks",₹100 FOR TWO,ahmedabad
Hari Om Centre,4.2,"North Indian, Gujarati, Punjabi, Thalis, Indian",₹200 FOR TWO,ahmedabad
LunchBox - Meals and Thalis,4.3,"North Indian, Punjabi, Biryani, Healthy Food, Jain, Thalis, Indian, Mughlai, Des...",₹200 FOR TWO,ahmedabad
Tea Post,4.1,Fast Food,₹150 FOR TWO,ahmedabad
#Shawarma,4.0,Arabian,₹250 FOR TWO,ahmedabad
Rudu Kathiawad,3.3,"Gujarati, Punjabi, Thalis, Indian, Beverages, Sweets, Jain, Salads, Home Food",₹200 FOR TWO,ahmedabad
Honest,4.2,Indian,₹500 FOR TWO,ahmedabad
Dangee Dums Yums,4.4,"Desserts, Bakery, Ice Cream",₹400 FOR TWO,ahmedabad
Bong Sweet & Fast Food,3.9,"Bengali, Biryani, Tandoor",₹200 FOR TWO,ahmedabad
Vaibhav Restaurant,4.2,Indian,₹200 FOR TWO,ahmedabad
Askanytime Kitchen,--,"Indian, North Indian, Snacks, Pizzas, Chinese, Beverages",₹300 FOR TWO,ahmedabad
Food Mistri,3.9,"North Indian, Middle Eastern, Chinese",₹350 FOR TWO,ahmedabad
Meal station,3.6,"Thalis, Punjabi, North Indian, Biryani, Indian, Gujarati, Chinese, Offer Valid o...",₹200 FOR TWO,ahmedabad
Nanking Express,4.3,Indian,₹200 FOR TWO,ahmedabad
Subway,4.2,"Healthy Food, Salads, Snacks, Desserts, Beverages",₹350 FOR TWO,ahmedabad
The Twisted Bakery & Kafe,--,"Snacks, Bakery, Desserts, Beverages",₹250 FOR TWO,ahmedabad
Bread Box,4.4,Fast Food,₹250 FOR TWO,ahmedabad
Mumbaiya misal and vadapav,--,"Fast Food, Maharashtrian, Snacks",₹250 FOR TWO,ahmedabad
Aatm Nirbhar Cafe-Thaltej,--,Desserts,₹300 FOR TWO,ahmedabad
Gopi Dining Hall,3.9,"Indian, Gujarati",₹450 FOR TWO,ahmedabad
Matka By Kilo,--,"North Indian, Snacks",₹300 FOR TWO,ahmedabad
Chai Coffee Point,--,"Snacks, Beverages, Pizzas",₹200 FOR TWO,ahmedabad
Lion'S Kitchen,--,"Italian, Indian, Snacks",₹200 FOR TWO,ahmedabad
D mysterious kitchen,--,"Fast Food, Chinese, Snacks",₹400 FOR TWO,ahmedabad
Kartikey South Indian,--,South Indian,₹150 FOR TWO,ahmedabad
Papa Louie s Pizza,--,Pizzas,₹700 FOR TWO,ahmedabad
Radhika'S Authentic South Indian Food,4.3,South Indian,₹250 FOR TWO,ahmedabad
Jay Bhavani Vadapav,3.8,"Combo, Snacks, Chinese, Pizzas, Beverages",₹200 FOR TWO,ahmedabad
V Cafe - Meals By PVR,4.2,"Pizzas, Snacks, American",₹300 FOR TWO,ahmedabad
Uneek Garden Of Eatin - Kerala Store,--,"Desserts, Bakery, Snacks, Kerala, South Indian",₹200 FOR TWO,ahmedabad
TGB Cafe N Bakery,4.0,Bakery,₹350 FOR TWO,ahmedabad
Vadilal Scoop Shop,4.7,"Ice Cream, Desserts",₹200 FOR TWO,ahmedabad
KHAN RAJMA CHAWAL AND BIRYANI POINT,--,"North Indian, Biryani, Beverages",₹150 FOR TWO,chandigarh
National Bakers,4.2,"Bakery, Snacks, Desserts",₹350 FOR TWO,chandigarh
Spicy Chicken Hub,--,"North Indian, Chinese",₹300 FOR TWO,chandigarh
Gopal's,4.1,"North Indian, South Indian, Sweets, Desserts, Chaat, Beverages",₹350 FOR TWO,chandigarh
Yo! China,4.0,"Chinese, Seafood, Desserts, Beverages",₹450 FOR TWO,chandigarh
House Of Greens,--,"Healthy Food, Lebanese, Beverages, Fast Food, Salads",₹400 FOR TWO,chandigarh
Burgrill - The Win Win Burger,4.3,"Burgers, Healthy Food, American, Salads, Beverages, Desserts, Snacks",₹200 FOR TWO,chandigarh
NI HAO,--,"Chinese, Thai",₹300 FOR TWO,chandigarh
House Of Shakes,4.1,"Beverages, Italian, Pizzas, Snacks, Desserts",₹100 FOR TWO,chandigarh
La Pino'z Pizza,4.2,"Pizzas, Italian, Pastas, Mexican, Desserts",₹300 FOR TWO,chandigarh
Baba Chicken (Sector 22),3.8,"Indian, North Indian, Snacks",₹300 FOR TWO,chandigarh
Bowl Wala,4.0,"Chinese, Thai, Pastas",₹300 FOR TWO,chandigarh
Chawla's Since 1960,3.7,"North Indian, Thalis, Beverages, Combo, Salads",₹400 FOR TWO,chandigarh
MyFresh - Salad & Juice Bar,4.3,"Healthy Food, Salads, Beverages, Juices",₹250 FOR TWO,chandigarh
The Burger Company,4.0,"American, Snacks, Combo, Desserts, Beverages, Italian",₹280 FOR TWO,chandigarh
Raju Chinese Fast Food,4.0,"Chinese, Pastas, Snacks",₹200 FOR TWO,chandigarh
The Hotspot,3.6,"North Indian, Chinese, Seafood",₹300 FOR TWO,chandigarh
Nagpal Pure Veg Foods,4.0,"North Indian, Chinese, Desserts, Snacks, Beverages",₹250 FOR TWO,chandigarh
AHUNA - by Old Champaran meat house,3.5,"Mughlai, North Indian, Snacks",₹400 FOR TWO,chandigarh
Aandaaz Kitchen 22,3.3,"Healthy Food, Continental",₹280 FOR TWO,chandigarh
HOMEAL- By Jullundur Hotel,--,"North Indian, Punjabi, Thalis, Desserts",₹150 FOR TWO,chandigarh
Roll Nation,4.0,"Fast Food, Beverages",₹200 FOR TWO,chandigarh
Lahori Dhaba,--,North Indian,₹300 FOR TWO,chandigarh
Fabcafe By Fabindia,4.1,"North Indian, Healthy Food, Biryani, Beverages",₹800 FOR TWO,chandigarh
Hot Millions 1,4.1,"Chinese, North Indian, Pizzas, Snacks, Tandoor, Beverages, Desserts, American, M...",₹250 FOR TWO,chandigarh
China Bazaar,--,"North Indian, Chinese, Indian",₹300 FOR TWO,chandigarh
Momo Magic Cafe,3.2,"Chinese, Snacks, Pastas, Beverages",₹250 FOR TWO,chandigarh
Roll Xpress,4.1,"Fast Food, Snacks, Biryani, Beverages",₹200 FOR TWO,chandigarh
Flavours - Hotel City Heart Premium,--,"North Indian, Tandoor, Chinese, Pizzas",₹500 FOR TWO,chandigarh
Nukkar Dhaba Since 1984,3.8,"North Indian, Chinese, South Indian, Beverages, Desserts",₹300 FOR TWO,chandigarh
Delhi Special Pranthe wali gali,3.6,"North Indian, Combo, Chinese, Thalis, Beverages",₹200 FOR TWO,chandigarh
Babu Ram Chinese Fast Food.,3.9,Chinese,₹250 FOR TWO,chandigarh
Daawat-E-Biryani,--,"North Indian, Mughlai, Biryani",₹300 FOR TWO,chandigarh
7ven 11ven Restaurant,--,"Indian, Desserts, Pizzas",₹700 FOR TWO,chandigarh
National Bakery,3.4,Bakery,₹200 FOR TWO,chandigarh
Nik Bakers,4.4,"Bakery, Italian-American, Mexican, Snacks",₹500 FOR TWO,chandigarh
Agra Parantha Bhandaar,3.7,"North Indian, Punjabi, Indian",₹100 FOR TWO,chandigarh
El Mexicano,4.0,"Mexican, Beverages, Fast Food, Desserts, Pizzas, Salads, Bakery",₹200 FOR TWO,chandigarh
Pal Dhaba (151-152),3.8,"North Indian, Chinese, Punjabi, Thalis, Fast Food",₹400 FOR TWO,chandigarh
KFC,4.1,"American, Snacks, Biryani",₹400 FOR TWO,chandigarh
Keventers - Milkshakes and Desserts,4.1,"Beverages, Ice Cream, Desserts, Healthy Food",₹300 FOR TWO,chandigarh
Burger Singh (Big Punjabi Burgers),4.2,"American, Snacks, Indian, Desserts, Beverages",₹300 FOR TWO,chandigarh
Jalandhar Sweets,4.0,"North Indian, Sweets, Chinese, South Indian, Bakery, Fast Food, Combo",₹200 FOR TWO,chandigarh
SHANGZ,4.0,"Chinese, Thai, Asian, Healthy Food, Combo",₹350 FOR TWO,chandigarh
Al-Noor Biryani Centre,3.9,"Biryani, North Indian",₹180 FOR TWO,chandigarh
Nanak Sweets,4.1,"Bakery, Sweets, North Indian",₹200 FOR TWO,chandigarh
Jullundur Restaurant,4.2,"North Indian, Indian, Chinese, Tandoor, Desserts, Biryani, Sweets, Salads, Seafo...",₹400 FOR TWO,chandigarh
Cafe Coffee Day,4.5,"Beverages, Snacks, Desserts",₹300 FOR TWO,chandigarh
Hungroo,4.1,"Chinese, Snacks, Street Food, Beverages",₹300 FOR TWO,chandigarh
Shahi Chicken Corner,4.1,North Indian,₹300 FOR TWO,chandigarh
Pizza Hut,3.6,Pizzas,₹350 FOR TWO,chandigarh
Pintu Juice Corner,3.5,Healthy Food,₹100 FOR TWO,chandigarh
BHATURA JUNCTION,--,"North Indian, Indian",₹200 FOR TWO,chandigarh
SHREE GANESH,4.4,South Indian,₹200 FOR TWO,chandigarh
Sagar Ratna,4.2,"South Indian, North Indian, Chinese, Thalis, Beverages, Desserts",₹400 FOR TWO,chandigarh
Sharma Veg Dhaba,3.6,"North Indian, Chinese, Thalis",₹150 FOR TWO,chandigarh
Saladisht,--,"Healthy Food, Salads, Beverages",₹300 FOR TWO,chandigarh
Subway,3.8,"Fast Food, Healthy Food, Salads, Snacks, Desserts, Beverages",₹350 FOR TWO,chandigarh
Captain Sam's Pizza,3.1,"Pizzas, Italian, Beverages, Desserts",₹300 FOR TWO,chandigarh
Amritsari Kulcha Hub,4.1,"Street Food, North Indian, Combo",₹250 FOR TWO,chandigarh
Books N Brew,4.0,"Chinese, Italian, Fast Food, Combo, Biryani, Beverages",₹300 FOR TWO,chandigarh
Nutritious Cafe,--,Healthy Food,₹250 FOR TWO,chandigarh
Domino's Pizza,4.3,Pizzas,₹700 FOR TWO,chandigarh
Uncle Jack's,4.1,"American, Desserts, Beverages",₹400 FOR TWO,chandigarh
Kwality Walls Frozen Dessert and Ice Cream Shop,4.6,"Desserts, Ice Cream, Ice Cream Cakes",₹200 FOR TWO,chandigarh
Chawla's 2 -Sector 22 A,3.2,"North Indian, Indian, Chinese, Continental, Tandoor, Beverages, Desserts",₹250 FOR TWO,chandigarh
Rohit Chinese Fast Food,4.1,Chinese,₹250 FOR TWO,chandigarh
Garg Chaat,4.1,Chaat,₹150 FOR TWO,chandigarh
New Kesri Sweets,3.5,"North Indian, Fast Food, Sweets",₹150 FOR TWO,chandigarh
Mad Over Chinese,3.8,"Chinese, Snacks",₹400 FOR TWO,chandigarh
Karthik,4.2,"South Indian, Chinese, Fast Food, Desserts",₹250 FOR TWO,chandigarh
Doaba Sweets,4.2,"Sweets, Chinese, Snacks, North Indian",₹250 FOR TWO,chandigarh
Yam China Chinese,--,"Chinese, North Indian",₹200 FOR TWO,chandigarh
Super Donuts-An American eatery and bakery,4.2,"Desserts, Beverages, American, Bakery, Combo",₹250 FOR TWO,chandigarh
Chaayos Chai+Snacks=Relax,4.1,"Bakery, Beverages, Chaat, Desserts, Home Food, Italian, Maharashtrian, Snacks, S...",₹250 FOR TWO,chandigarh
Sindhi Sweets,4.4,"North Indian, Sweets, South Indian, Chinese, Chaat, Street Food, Continental, It...",₹300 FOR TWO,chandigarh
Adhikari Chinese Food,3.9,"Chinese, Asian, Snacks",₹150 FOR TWO,chandigarh
McDonald's,4.2,"American, Fast Food",₹400 FOR TWO,chandigarh
Dominic Pizza (Sector 19),3.9,"Pizzas, Fast Food, Pastas, Beverages, Desserts",₹250 FOR TWO,chandigarh
Burger King,4.2,"Burgers, American",₹350 FOR TWO,chandigarh
Writer's Cafe,4.4,"Continental, Italian, Beverages",₹350 FOR TWO,chennai
Burger King,4.2,"Burgers, American",₹350 FOR TWO,chennai
Hotel Akshaya,4.2,South Indian,₹250 FOR TWO,chennai
Namma Veedu Vasanta Bhavan,4.3,"South Indian, Chinese, Chaat, Sweets, Juices",₹150 FOR TWO,chennai
Geetham Veg restaurant,4.5,Indian,₹250 FOR TWO,chennai
Salem RR Biriyani Unavagam,3.6,"Biryani, Chettinad, Tandoor, Chinese",₹400 FOR TWO,chennai
Nithya Amirtham,4.4,"South Indian, Sweets, North Indian, Chinese, Snacks",₹200 FOR TWO,chennai
Mr. Papdi,4.0,"North Indian, Street Food, Chaat, Snacks, Indian, Chinese, Desserts, Beverages",₹400 FOR TWO,chennai
Firangi Bake,3.9,"Italian, Mexican, Pastas",₹400 FOR TWO,chennai
NAKSHATRA PURE VEG,4.4,Indian,₹200 FOR TWO,chennai
Anjappar,4.1,"Chettinad, South Indian, Biryani, Chinese",₹600 FOR TWO,chennai
The Wedding Biryani,3.7,Biryani,₹200 FOR TWO,chennai
Kake da Punjabi Dhabba,4.0,"North Indian, Chinese",₹600 FOR TWO,chennai
The Bowl Company,4.2,"Continental, North Indian, Pan-Asian, Desserts, American, Asian, Beverages, Biry...",₹300 FOR TWO,chennai
Saravana hotel,--,"Chinese, Snacks",₹250 FOR TWO,chennai
Ambur Star Briyani,4.3,Biryani,₹500 FOR TWO,chennai
Shree Mithai,4.6,"Sweets, Desserts, Street Food, Chaat",₹250 FOR TWO,chennai
Grill House,3.9,"North Indian, Biryani, Kebabs, Indian, Grill, Juices, Seafood, Tandoor",₹300 FOR TWO,chennai
KFC,4.1,"American, Snacks, Biryani",₹400 FOR TWO,chennai
Malabar Point,4.1,"Biryani, Kerala, South Indian, Thalis",₹450 FOR TWO,chennai
Kadhar Bai Dum Biriyanis,3.5,"Biryani, Kebabs",₹200 FOR TWO,chennai
SS Hyderabad Biryani,4.4,Biryani,₹300 FOR TWO,chennai
The Royal's Biryani,4.0,"Mughlai, North Indian, Chinese",₹400 FOR TWO,chennai
BREWKLYN CAFE,--,"Continental, Bakery, Pastas, Beverages",₹350 FOR TWO,chennai
The Old Mirchi Biryani,4.3,"Hyderabadi, Biryani, Indian, Tandoor, Chinese",₹700 FOR TWO,chennai
A2B Veg,4.4,"South Indian, North Indian, Sweets, Chinese",₹300 FOR TWO,chennai
Chaya Maaya,--,"Beverages, Snacks, Desserts",₹200 FOR TWO,chennai
Udipi Hotel Maha Ganapathy,4.3,"North Indian, South Indian",₹250 FOR TWO,chennai
Hotel Crescent,4.3,"North Indian, Chinese, South Indian, Kerala, Arabian",₹400 FOR TWO,chennai
The Red Box,3.9,Chinese,₹400 FOR TWO,chennai
Palmshore,4.1,"North Indian, Chinese, Biryani, Arabian, Mughlai, Seafood",₹500 FOR TWO,chennai
The Royals Biriyani,4.0,"Arabian, Biryani, Chettinad, Chinese, Grill, Indian, South Indian, Tandoor",₹300 FOR TWO,chennai
Hotel Topsee,4.1,"Arabian, Indian, South Indian",₹400 FOR TWO,chennai
The Best,4.0,"Biryani, North Indian, Chinese, Tandoor",₹200 FOR TWO,chennai
Millet Maagic Meal,4.6,"Healthy Food, South Indian",₹250 FOR TWO,chennai
Hotel Ananda,4.6,"North Indian, South Indian, Beverages",₹300 FOR TWO,chennai
Sea Emperor,4.0,"Barbecue, Biryani, Arabian, Tandoor",₹350 FOR TWO,chennai
Punjabi nation,4.3,North Indian,₹800 FOR TWO,chennai
Sree Gupta Bhavan,4.5,"North Indian, Sweets, Chaat",₹300 FOR TWO,chennai
Andhra Gunpowder,4.2,"Andhra, Biryani, South Indian",₹350 FOR TWO,chennai
Ratna Cafe (Estd.1948),4.4,South Indian,₹300 FOR TWO,chennai
Biriyani Brothers,4.1,"Indian, Biryani",₹350 FOR TWO,chennai
NEW JAYANTHI BHAVAN,4.4,"South Indian, Chinese",₹300 FOR TWO,chennai
OYALO PIZZA,--,Pizzas,₹350 FOR TWO,chennai
Kadhar Bai Dum Biriyanis,3.5,"Biryani, Kebabs",₹200 FOR TWO,chennai
Alien Stone,--,"Snacks, Fast Food, Pastas, Beverages",₹500 FOR TWO,chennai
MADRAS BIRIYANI KADAI,--,"Biryani, South Indian, Arabian, Snacks, North Indian, Fast Food",₹300 FOR TWO,chennai
Big Bowl Company,3.7,"Chinese, North Indian",₹250 FOR TWO,chennai
Pumpkin Tales,4.6,"Asian, Bakery, Continental",₹950 FOR TWO,chennai
Asia Kitchen by Mainland China,4.1,"Asian, Chinese",₹1200 FOR TWO,chennai
Kwality Walls Frozen Dessert and Ice Cream Shop,4.5,"Desserts, Ice Cream, Ice Cream Cakes",₹200 FOR TWO,chennai
Chamiers Cafe,4.5,"Continental, Italian",₹1000 FOR TWO,chennai
Junior Kuppanna,4.0,"South Indian, Seafood, Biryani",₹400 FOR TWO,chennai
Gangotree,4.5,"Street Food, Desserts, Fast Food",₹300 FOR TWO,chennai
Madurai Sri Thevar Hotel,3.8,"South Indian, Chinese, Biryani",₹300 FOR TWO,chennai
Mathsya - (Adyar),4.3,"South Indian, North Indian",₹300 FOR TWO,chennai
Erode Amman Mess,4.3,"South Indian, Biryani, North Indian, Chinese",₹300 FOR TWO,chennai
Paradise Biryani,3.7,"Biryani, Kebabs, North Indian, Hyderabadi",₹400 FOR TWO,chennai
Madurai Pandian Mess,4.2,South Indian,₹300 FOR TWO,chennai
ABU BEEF DELIGHT,4.1,"Biryani, South Indian",₹200 FOR TWO,chennai
Wow! Momo,4.2,"Tibetan, Healthy Food, Asian, Chinese, Snacks, Continental, Desserts, Beverages",₹300 FOR TWO,chennai
SREE AKSHAYAM,4.3,"Chinese, Indian",₹200 FOR TWO,chennai
KAI MANAM,4.1,"South Indian, Chettinad, Chinese, Biryani, Home Food",₹300 FOR TWO,chennai
Kumarakom,4.4,Kerala,₹300 FOR TWO,chennai
Courtallam Border Rahmath Kadai,4.3,South Indian,₹600 FOR TWO,chennai
Shri Balaajee Bhavan,4.3,South Indian,₹250 FOR TWO,chennai
Ghuma Ghumalu,3.9,"South Indian, Biryani",₹400 FOR TWO,chennai
Khalids Biriyani,4.2,Biryani,₹500 FOR TWO,chennai
Yaa Mohaideen Biryani,3.9,Biryani,₹500 FOR TWO,chennai
Moonlight Takeaway,3.7,"North Indian, Chinese, Indian, Ice Cream, South Indian, Grill, Tandoor",₹250 FOR TWO,chennai
Zaitoon,4.3,"North Indian, Chinese, Biryani, Juices, Indian, Mughlai, Kebabs, Arabian",₹500 FOR TWO,chennai
Dindigul Thalappakatti,4.1,"Biryani, Barbecue, South Indian, Chinese, North Indian",₹600 FOR TWO,chennai
Anburaj Resturant Briyani & Fast Food,3.8,"Biryani, North Indian",₹250 FOR TWO,chennai
Sangeetha Veg Restaurant,4.5,"North Indian, South Indian",₹450 FOR TWO,chennai
Mughal Biriyani,4.3,Chinese,₹200 FOR TWO,chennai
Naidu Andhra Mess,4.2,"South Indian, Biryani, Chinese, Beverages",₹300 FOR TWO,chennai
Hotel Saravana Bhavan,4.3,"South Indian, North Indian, Sweets",₹300 FOR TWO,chennai
Bengali fun Foods,4.5,Bengali,₹250 FOR TWO,chennai
Bakya Veg Restaurant,4.0,"South Indian, Chinese, North Indian",₹150 FOR TWO,chennai
Aswathy Bhavan,4.2,South Indian,₹200 FOR TWO,chennai
INOX,--,Snacks,₹400 FOR TWO,darjeeling
Haldiram's Prabhuji,--,"Street Food, North Indian, Chinese, South Indian",₹400 FOR TWO,darjeeling
Domino's Pizza,4.1,Pizzas,₹400 FOR TWO,darjeeling
Hotel Himalaya Residency & Restaurant,--,"Biryani, Fast Food",₹420 FOR TWO,darjeeling
Walk In Woods(Ballupur),4.0,"North Indian, Chinese, Biryani",₹300 FOR TWO,dehradun
RollMaal,4.9,"Chinese, Asian, Pan-Asian, Thai, Oriental",₹400 FOR TWO,dehradun
Pet Pooja,2.5,"North Indian, Beverages",₹150 FOR TWO,dehradun
GHAR JAISA KHANA,2.9,"Indian, North Indian, Thalis",₹150 FOR TWO,dehradun
Uss Da Dhaba,3.4,"North Indian, Chinese, Continental",₹200 FOR TWO,dehradun
Udupi Cafe Bangalore Idli,4.0,"South Indian, Indian, Beverages",₹275 FOR TWO,dehradun
McDonald's,4.2,American,₹400 FOR TWO,dehradun
Walk In Woods (Dharampur),4.0,"North Indian, Chinese, Italian, Biryani",₹250 FOR TWO,dehradun
Prakash Bhojnalaya,2.8,North Indian,₹200 FOR TWO,dehradun
Punjabi Dhaba,3.5,North Indian,₹200 FOR TWO,dehradun
Burger Singh (Big Punjabi Burgers),3.9,"Snacks, Indian, American, Beverages, Desserts",₹300 FOR TWO,dehradun
Biryani By Kilo,4.0,"Biryani, Mughlai, Kebabs, North Indian, Hyderabadi, Lucknowi, Andhra, South Indi...",₹700 FOR TWO,dehradun
GANESH JI CHOLE BHATURE,4.4,Indian,₹200 FOR TWO,dehradun
Annapurna Vegetarian,3.3,"North Indian, Fast Food",₹200 FOR TWO,dehradun
Hukum Pizza,3.9,"Pizzas, Pastas",₹300 FOR TWO,dehradun
Goli Vada Pav No 1,4.0,"Maharashtrian, North Indian, Street Food",₹100 FOR TWO,dehradun
New Tuhada Dhaba,3.4,"Punjabi, Indian, Desserts",₹200 FOR TWO,dehradun
Pandit Ji Sweets & Restaurant Dairy,3.7,"North Indian, Indian",₹200 FOR TWO,dehradun
Maa Ki Rasoi,2.4,North Indian,₹150 FOR TWO,dehradun
Shree Gopal Ji Ki Hatti,4.2,"North Indian, Beverages",₹150 FOR TWO,dehradun
Kwality Walls Frozen Dessert and Ice Cream Shop,4.6,"Desserts, Ice Cream, Ice Cream Cakes",₹100 FOR TWO,dehradun
Kwik Bite Centre,3.9,"Indian, South Indian, Chinese, Italian",₹150 FOR TWO,dehradun
Chetan Puri Delivery,4.1,North Indian,₹200 FOR TWO,dehradun
Pizza Hut,3.7,Pizzas,₹350 FOR TWO,dehradun
Speedy Chow,4.9,"Chinese, Asian, Pan-Asian, Thai, Oriental",₹200 FOR TWO,dehradun
Mamagoto,4.6,"Chinese, Asian, Pan-Asian, Thai, Oriental",₹800 FOR TWO,dehradun
Handi punjab ki,4.1,"North Indian, Chinese, Tandoor",₹250 FOR TWO,dehradun
Burger King,4.2,"Burgers, American",₹350 FOR TWO,dehradun
Domnik Pizza (Ballupur),3.9,Italian,₹250 FOR TWO,dehradun
Lemon Chilli Pure Veg Family Restaurant,3.8,North Indian,₹200 FOR TWO,dehradun
Vikas Bakers & Confectioners,--,"Bakery, Snacks",₹150 FOR TWO,dehradun
Doon Bakers And Confectioners,4.0,Bakery,₹150 FOR TWO,dehradun
Chilli'Z Restro,3.8,"North Indian, Chinese, Snacks, Beverages",₹300 FOR TWO,dehradun
DA PEPPER PIZZA,3.5,Pizzas,₹300 FOR TWO,dehradun
Anandam Express,4.3,"Gujarati, Sweets, Street Food",₹200 FOR TWO,dehradun
Chai Sutta Corner,--,"Beverages, Indian, Chinese, Snacks, Fast Food",₹250 FOR TWO,dehradun
The Biryani King,3.5,"Biryani, North Indian, Indian, Kebabs, Snacks",₹250 FOR TWO,dehradun
Mj Restaurant - Mj Residency,4.4,"North Indian, Chinese, Italian",₹350 FOR TWO,dehradun
The Momo House ( A Unit Of Momos Bite),--,"Chinese, Snacks",₹200 FOR TWO,dehradun
Chatkaare,--,"Street Food, Snacks, Beverages",₹50 FOR TWO,dehradun
FIT BIT,4.0,"Healthy Food, Beverages",₹200 FOR TWO,dehradun
Vera Da Punjabi Dhaba,3.2,North Indian,₹200 FOR TWO,dehradun
"Kathi Express (Vikas Mall,Indira Nagar)",4.0,Fast Food,₹200 FOR TWO,dehradun
Da Mexican Pizza,3.8,Pizzas,₹200 FOR TWO,dehradun
Vivan Home Kitchen,--,"Indian, Snacks, North Indian",₹250 FOR TWO,dehradun
Punjab Restaurant (Clock Tower),3.8,"North Indian, Chinese",₹300 FOR TWO,dehradun
Chhappan Bhog,4.2,"Sweets, Desserts, Beverages",₹150 FOR TWO,dehradun
Biryani Express,2.7,North Indian,₹250 FOR TWO,dehradun
ANNPURNA BAKERS,--,Bakery,₹200 FOR TWO,dehradun
Subway,4.1,"Fast Food, Healthy Food, Salads, Snacks, Desserts, Beverages",₹350 FOR TWO,dehradun
Ahuja Chinese Food Court,3.6,Chinese,₹150 FOR TWO,dehradun
Cafe Behind The Bars,--,"North Indian, Chinese, Snacks",₹300 FOR TWO,dehradun
Doon Cakes and Decoration,--,"Bakery, Snacks",₹300 FOR TWO,dehradun
Matta Restaurant,3.6,"Chinese, North Indian, Snacks",₹100 FOR TWO,dehradun
New Jassi Restaurant,3.4,"Indian, Chinese",₹275 FOR TWO,dehradun
GupShup Cafe,--,"Beverages, Snacks, Pastas",₹200 FOR TWO,dehradun
Perfect Cravings,3.5,"Desserts, Bakery",₹150 FOR TWO,dehradun
Taste of Punjabi,--,Indian,₹250 FOR TWO,dehradun
Giani,4.4,"Ice Cream, Beverages",₹300 FOR TWO,dehradun
Merriment Bakers,--,Bakery,₹200 FOR TWO,dehradun
Just Cafe,4.0,"Italian, Chinese, Continental, Beverages, Indian",₹200 FOR TWO,dehradun
Lemon Chilli Family Restro,3.5,"Indian, Chinese",₹250 FOR TWO,dehradun
Aman Vegetarian,3.8,"North Indian, Chinese, Continental",₹275 FOR TWO,dehradun
Gaylord Express,3.4,"South Indian, Chinese, Bakery, Italian",₹200 FOR TWO,dehradun
Cake & Bake,--,Bakery,₹200 FOR TWO,dehradun
Doon Darbar,3.6,"North Indian, Mughlai",₹275 FOR TWO,dehradun
Aaoji Khaoji,3.8,"North Indian, South Indian, Snacks, Sweets",₹250 FOR TWO,dehradun
Flavour's Inn,--,"North Indian, Tandoor, Chinese, Snacks",₹300 FOR TWO,dehradun
Doon Tripple Nine (Patel nagar ),3.8,"North Indian, Chinese, Desserts, Beverages",₹300 FOR TWO,dehradun
desi fast food,--,Indian,₹100 FOR TWO,dehradun
JASSI EXPRESS,--,"Indian, North Indian, Chinese, Tandoor, Biryani, Punjabi, Snacks",₹250 FOR TWO,dehradun
SECRET SPICE,--,"North Indian, Chinese, Desserts",₹200 FOR TWO,dehradun
NATIONAL JUICE HOUSE,4.4,Beverages,₹200 FOR TWO,dehradun
Anandam,4.2,"North Indian, South Indian, Sweets, Snacks",₹300 FOR TWO,dehradun
ROL-GOL,4.0,Snacks,₹150 FOR TWO,dehradun
MUGHAL ZAIKA,3.5,"Indian, Mughlai, Tandoor",₹200 FOR TWO,dehradun
Domnik Pizza (Tagore Villa),3.4,"Pizzas, Fast Food, Beverages",₹200 FOR TWO,dehradun
31 Flavours,3.8,"Indian, Chinese, South Indian, Italian",₹200 FOR TWO,dehradun
Murthal Paranthawala,3.7,North Indian,₹200 FOR TWO,dehradun
Al- Karim Family Restaurant,4.0,"North Indian, Mughlai, Biryani",₹300 FOR TWO,dehradun
Kaleva,4.3,"North Indian, Chinese, Desserts",₹300 FOR TWO,delhi
Desi Vibes,--,"Mughlai, North Indian",₹800 FOR TWO,delhi
Kaleva,4.3,"North Indian, Chinese, Desserts",₹300 FOR TWO,delhi
Nirula's,3.9,"Pizzas, Pastas, Desserts, Ice Cream, Beverages, North Indian",₹300 FOR TWO,delhi
Masala E Handi (Since 1995),4.0,"North Indian, Chinese, Biryani, Tandoor, Mughlai, Punjabi, Afghani, Kebabs, Indi...",₹350 FOR TWO,delhi
KFC,3.9,"American, Snacks, Biryani",₹400 FOR TWO,delhi
Kwality,--,"North Indian, Continental",₹1500 FOR TWO,delhi
Pink box,4.2,"Bakery, Desserts, Sweets",₹150 FOR TWO,delhi
Chili's American Grill & Bar,4.3,"American, Mexican",₹900 FOR TWO,delhi
Rooh Burger Cafe,4.0,"American, Fast Food, Beverages",₹200 FOR TWO,delhi
Ardor,--,"Chinese, Continental, Indian",₹1200 FOR TWO,delhi
Castles Barbeque,--,"Indian, Beverages, Chinese",₹1200 FOR TWO,delhi
Nazeer Foods,3.8,"North Indian, Biryani, Mughlai, Snacks",₹400 FOR TWO,delhi
Louis Burger,4.3,American,₹600 FOR TWO,delhi
Biryani By Kilo,4.2,"Biryani, Mughlai, Kebabs, North Indian, Hyderabadi, Lucknowi, Andhra, South Indi...",₹700 FOR TWO,delhi
Hotel Saravana Bhavan,4.5,South Indian,₹550 FOR TWO,delhi
McDonald's,4.4,"American, Fast Food",₹400 FOR TWO,delhi
Bikkgane Biryani,4.0,"Biryani, Mughlai, North Indian",₹400 FOR TWO,delhi
Burger King,4.3,"Burgers, American",₹350 FOR TWO,delhi
Taco Bell,4.1,Mexican,₹300 FOR TWO,delhi
Dhaba Food,4.4,Indian,₹200 FOR TWO,delhi
Biryani Blues,4.3,"Biryani, Hyderabadi, Lucknowi, Kebabs, Desserts, Beverages",₹400 FOR TWO,delhi
Subway,3.9,"Salads, Snacks, Desserts, Beverages",₹350 FOR TWO,delhi
The Burger Club,3.8,"American, Beverages, Desserts",₹250 FOR TWO,delhi
Radhey Shyam Subhash Kumar Special Chole Bhature,4.3,North Indian,₹150 FOR TWO,delhi
Sita Ram Diwan Chand,4.1,"Street Food, North Indian, Snacks",₹100 FOR TWO,delhi
Theobroma,4.6,"Bakery, Desserts",₹800 FOR TWO,delhi
Jain Chawal Wale,3.9,"North Indian, Snacks, Beverages",₹250 FOR TWO,delhi
Haldiram's,4.3,North Indian,₹300 FOR TWO,delhi
Chaayos Chai+Snacks=Relax,4.2,"Bakery, Beverages, Chaat, Desserts, Fast Food, Home Food, Italian, Maharashtrian...",₹250 FOR TWO,delhi
Third Wave Coffee Roasters,4.5,"Beverages, Pizzas",₹400 FOR TWO,delhi
Hello G Sas Kitchen,2.4,"Biryani, Indian",₹250 FOR TWO,delhi
Bangla Sweet House,4.3,"Sweets, North Indian",₹150 FOR TWO,delhi
Zen,4.1,"Chinese, Pan-Asian, Seafood, Japanese, Sushi, Italian",₹700 FOR TWO,delhi
Handi Chhadeyan Di (Since 2012),3.9,"North Indian, Chinese, Mughlai, Tandoor, Kebabs, Punjabi",₹250 FOR TWO,delhi
Punjab Grill,4.1,Indian,₹900 FOR TWO,delhi
Cha Bar,4.0,Cafe,₹500 FOR TWO,delhi
K^ Cubed,--,"Japanese, Pan-Asian, Chinese, Indian",₹1200 FOR TWO,delhi
ARDOR 2.1,--,"Indian, Chinese, Italian",₹1000 FOR TWO,delhi
Farzi Cafe,--,Indian,₹600 FOR TWO,delhi
Khan Chacha,4.3,"North Indian, Kebabs, Biryani",₹850 FOR TWO,delhi
Natural Ice Cream,4.6,Ice Cream,₹150 FOR TWO,delhi
Bangla Foods,4.1,"North Indian, Chinese, Desserts",₹250 FOR TWO,delhi
Biryani Badshah,4.1,"Biryani, Mughlai, North Indian",₹350 FOR TWO,delhi
Pind Balluchi (CP),4.1,"Mughlai, North Indian",₹400 FOR TWO,delhi
Gulati (Pandara Road),4.3,Indian,₹1000 FOR TWO,delhi
Mughlai Junction,4.2,"Mughlai, North Indian, Tandoor",₹600 FOR TWO,delhi
Barista,4.2,"Beverages, Snacks, Desserts",₹350 FOR TWO,delhi
UBQ by Barbeque Nation,3.9,"North Indian, Barbecue, Biryani, Kebabs, Mughlai, Desserts",₹300 FOR TWO,delhi
Slice,3.8,"Pizzas, Continental, Italian, Beverages",₹200 FOR TWO,delhi
Gupta Foods,3.7,"North Indian, Chinese, South Indian",₹300 FOR TWO,delhi
Nando's,4.1,"Portuguese, African, Grill, Salads",₹450 FOR TWO,delhi
Bistro 57,4.3,Beverages,₹300 FOR TWO,delhi
Barbeque Nation,4.1,"North Indian, Barbecue, Biryani, Kebabs, Mughlai, Desserts",₹600 FOR TWO,delhi
Bercos - If you love chinese,4.2,"Chinese, Thai, Asian, Beverages, Desserts, Oriental, Seafood, Pan-Asian",₹600 FOR TWO,delhi
Kwality Walls Frozen Dessert and Ice Cream Shop,4.5,"Desserts, Ice Cream, Ice Cream Cakes",₹300 FOR TWO,delhi
Delhi Darbar,3.4,"North Indian, Chinese",₹200 FOR TWO,delhi
Dunkin',4.4,"Beverages, Fast Food, Desserts",₹250 FOR TWO,delhi
Ghee and Turmeric,4.2,"North Indian, Tandoor, Punjabi, Beverages, Desserts, Mughlai",₹500 FOR TWO,delhi
Q'BA,--,"North Indian, Chinese, Fast Food, Indian, Tandoor, Biryani",₹1000 FOR TWO,delhi
Starbucks Coffee,4.0,"Beverages, Ice Cream",₹400 FOR TWO,delhi
Chai Point,4.2,"Bakery, Beverages, Maharashtrian, Snacks, Street Food, South Indian, Punjabi",₹150 FOR TWO,delhi
Rajdhani,4.0,"Rajasthani, Thalis, Indian",₹1050 FOR TWO,delhi
Baskin Robbins,4.3,"Desserts, Ice Cream",₹250 FOR TWO,delhi
Sandoz,4.1,"Indian, Chinese",₹350 FOR TWO,delhi
Domino's Pizza,4.2,Pizzas,₹400 FOR TWO,delhi
Havmor Havfunn ice cream,4.5,"Ice Cream, Ice Cream Cakes, Desserts, Beverages",₹200 FOR TWO,delhi
RAJDHANI RESTAURANT,2.7,"Afghani, Biryani, Chinese, Indian, North Indian",₹100 FOR TWO,delhi
Pandey Paan (S.N.Pandey & Son),--,Paan,₹200 FOR TWO,delhi
Burger Singh (Big Punjabi Burgers),4.3,"Snacks, Fast Food, Indian, American, Beverages, Desserts, Mughlai, North Indian,...",₹300 FOR TWO,delhi
Chaap Waale,--,"North Indian, Chinese, Snacks",₹300 FOR TWO,delhi
Southy,3.7,"South Indian, Snacks, Beverages",₹400 FOR TWO,delhi
Hira Sweets,4.2,"North Indian, South Indian, Chinese, Continental, Bakery, Street Food, Sweets, D...",₹600 FOR TWO,delhi
Pind Balluchi - Janpath,3.8,"North Indian, Mughlai",₹400 FOR TWO,delhi
Daryaganj - By the inventors of Butter Chicken and Dal Makhani,4.4,"Indian, North Indian, Kebabs, Tandoor",₹1500 FOR TWO,delhi
DS Dosa Factory,--,"South Indian, Chinese, North Indian, Salads, Beverages, Desserts, Ice Cream",₹200 FOR TWO,delhi
Bagundi Andhra Kitchen,4.0,Indian,₹800 FOR TWO,delhi
Depaul's,3.8,Chinese,₹200 FOR TWO,delhi
Gupta Restaurant,3.5,"North Indian, South Indian, Chinese",₹200 FOR TWO,delhi
WONDER'S PIZZA,--,"Bakery, Beverages, Fast Food",₹300 FOR TWO,delhi
All In One,--,"Indian, Chinese, Fast Food, Snacks",₹400 FOR TWO,imphal
Aroma Cook House,--,"Chinese, Indian, North Indian",₹999 FOR TWO,imphal
US Pizza,--,"Pizzas, Snacks, Beverages",₹300 FOR TWO,imphal
Hotel imoinu,--,"Seafood, North Indian, Desserts",₹1000 FOR TWO,imphal
Forage,3.5,"Indian, Chinese, Korean",₹300 FOR TWO,imphal
D3 Kitchen,--,Fast Food,₹200 FOR TWO,imphal
9 Hills Bistro,4.1,"North Indian, Chinese, Italian",₹200 FOR TWO,imphal
Punjabi Tikka Restaurant,3.5,"Chinese, Snacks, Indian",₹200 FOR TWO,imphal
Jai Ganesh - Mahaballi Kabui khul,--,"Chinese, Snacks, Burgers",₹250 FOR TWO,imphal
BITE BOX CAFE,--,"Chinese, Indian, Fast Food",₹200 FOR TWO,imphal
Meitei Momo,--,"Chinese, Burgers, Fast Food, Beverages",₹150 FOR TWO,imphal
The Belgian Waffle Co.,4.5,"Waffle, Desserts, Ice Cream",₹200 FOR TWO,imphal
TALK OF THE TOWN (BT ROAD),4.0,Indian,₹300 FOR TWO,imphal
Bismillah Hotel (Halal),3.5,"Biryani, South Indian, Kebabs, Hyderabadi",₹150 FOR TWO,imphal
Subway,4.2,"Fast Food, Healthy Food, Salads, Snacks, Desserts, Beverages",₹250 FOR TWO,imphal
Leirung Resto,--,"Chinese, Indian, Biryani, Fast Food, Burgers, Salads, Beverages",₹200 FOR TWO,imphal
Vicky ka dhaba,3.6,North Indian,₹150 FOR TWO,imphal
KFC,4.2,"American, Snacks, Biryani",₹400 FOR TWO,imphal
Food zilla,3.9,"Chinese, Indian, Italian, Korean, Thai, Italian-American",₹200 FOR TWO,imphal
Peoples Cafe,--,"Cafe, Beverages, Chinese, Snacks, Fast Food",₹250 FOR TWO,imphal
ABC FASTFOOD,4.4,"Indian, North Indian, Thai",₹300 FOR TWO,imphal
Like Momo,3.9,"Indian, Chinese",₹220 FOR TWO,imphal
New Blue Moon,3.8,"Sweets, Snacks, Indian, South Indian, Chinese",₹200 FOR TWO,imphal
Imphal Kitchen,2.5,"Thalis, Indian",₹290 FOR TWO,imphal
Samoxa,4.2,Chaat,₹200 FOR TWO,imphal
Keventers - Milkshakes and Desserts,4.4,"Beverages, Ice Cream, Desserts, Healthy Food",₹300 FOR TWO,imphal
Naobas Chakhumang Restaurant,3.5,Indian,₹500 FOR TWO,imphal
Pizza Hut,4.0,Pizzas,₹350 FOR TWO,imphal
Domino's Pizza,4.5,Pizzas,₹400 FOR TWO,imphal
Pots Kitchen,3.8,"Chinese, North Eastern",₹250 FOR TWO,imphal
Nikheel Cafe2,4.1,"Chinese, Indian, Italian, Italian-American, Thai",₹250 FOR TWO,imphal
West Joint,--,"Chinese, Snacks",₹200 FOR TWO,imphal
Eikhoi Chakshang,3.8,Indian,₹250 FOR TWO,imphal
JK & South Indian Fast Foods,--,"South Indian, Chinese, Indian, Snacks, Italian-American",₹149 FOR TWO,imphal
Hotel Old Delhi Grillzz,3.4,Biryani,₹250 FOR TWO,imphal
Yummy Land - Keishampat Junction,3.8,"Indian, Chinese",₹220 FOR TWO,imphal
The Belgian Street,--,"Ice Cream, Desserts",₹250 FOR TWO,imphal
Kreams,4.2,Bakery,₹1000 FOR TWO,imphal
Refreshment Shop,--,"Snacks, Beverages",₹110 FOR TWO,imphal
Hungry Hut,--,"Chinese, Italian, Indian, Beverages",₹250 FOR TWO,imphal
Green Food Zone,3.9,"North Indian, Chinese, Fast Food",₹200 FOR TWO,imphal
Chumthang Cake Shop,--,Bakery,₹500 FOR TWO,imphal
Aries Tower,3.6,"Indian, Chinese, Korean, Italian",₹200 FOR TWO,imphal
The London Shakes,--,"Indian, Chinese, Snacks",₹250 FOR TWO,imphal
Sky Lounge,--,Chinese,₹400 FOR TWO,imphal
Prachi's Kitchen,3.4,"Indian, Beverages, Chinese, Pizzas",₹200 FOR TWO,imphal
De Avenue Cafe,4.2,"Juices, Beverages",₹400 FOR TWO,imphal
Food So Good Fast Food,--,"Chinese, Indian, Beverages",₹200 FOR TWO,imphal
Haona Chao,3.3,Indian,₹400 FOR TWO,imphal
Dawat-E-Khas Sweets & Snacks,3.4,Sweets,₹100 FOR TWO,imphal
Curious Bowl,3.1,Indian,₹250 FOR TWO,imphal
One Bite,4.3,American,₹200 FOR TWO,imphal
The Classic Hotel,--,"Indian, Chinese, Sweets",₹400 FOR TWO,imphal
NUJA'S KITCHEN,--,Bakery,₹500 FOR TWO,imphal
Nanai Eatery,4.4,"Chinese, Fast Food, Burgers, Snacks",₹300 FOR TWO,imphal
Dawat-E-Khas Restaurant,3.9,"North Indian, Chinese",₹250 FOR TWO,imphal
Tasty Tastes - Nagmapal,4.1,"Fast Food, Snacks",₹300 FOR TWO,imphal
Famous Kebabs,--,"Indian, Chinese, Beverages",₹200 FOR TWO,imphal
The London Shakes Imphal,--,"Beverages, Pizzas, Snacks",₹300 FOR TWO,imphal
Zaika Restaurant,3.9,"Indian, Biryani, Chinese",₹350 FOR TWO,imphal
"Michie's Kitchen, Kwakeithel",--,Biryani,₹300 FOR TWO,imphal
Chakhum Ama,2.4,"Thalis, Indian",₹300 FOR TWO,imphal
Dolly Momo - (Top no.1 Premium Momo),3.8,Chinese,₹280 FOR TWO,imphal
Dazzle,4.0,"Indian, Thai, Chinese, Korean, Italian",₹200 FOR TWO,imphal
Good Kitchen,3.8,"Indian, Chinese",₹200 FOR TWO,imphal
Mellow,3.9,Indian,₹300 FOR TWO,imphal
The Hungry Duck,--,Indian,₹200 FOR TWO,imphal
Dreams Cafe,--,"Chinese, Pizzas",₹200 FOR TWO,imphal
Imphal Food Order,3.2,"Rs.40 Off, Healthy Food, Bakery, Indian",₹180 FOR TWO,imphal
SANGAI CONTINENTAL,3.9,"American, Asian, Chinese, Indian, North Indian, South Indian",₹1000 FOR TWO,imphal
USPFC (US Pizza & Fried Chicken),4.3,"Pizzas, Italian-American, Indian",₹200 FOR TWO,imphal
Thoppcan Supermeals,4.6,"Healthy Food, Beverages, Snacks, North Eastern",₹250 FOR TWO,imphal
Smoke House - Sangaiprou,4.1,"Biryani, Grill, Chinese, Indian",₹300 FOR TWO,imphal
The Hungry Monkey,--,"Chinese, Snacks, Salads",₹200 FOR TWO,imphal
Tantra Boutique Hotel,--,"Mangalorean, Chinese",₹700 FOR TWO,imphal
Albiryan,3.3,"Indian, Biryani",₹200 FOR TWO,imphal
7th Heaven - Cake Shop,4.0,Bakery,₹1400 FOR TWO,imphal
One Bite New,--,"Pizzas, Pastas, Snacks, Healthy Food",₹300 FOR TWO,imphal
Tandoori,--,"Tandoor, North Indian, Chinese",₹300 FOR TWO,imphal
The Aura - Top no.1 Pizza,3.6,"Chinese, Indian, Italian, Thai",₹250 FOR TWO,imphal
Sagar Gaire,4.0,"Punjabi, Chinese, Italian, Thalis, Fast Food, Combo",₹300 FOR TWO,indore
Shree Gurukripa Hotel - Sarwate,3.9,"North Indian, Chinese, South Indian, Desserts, Thalis, Beverages, Indian, Jain",₹250 FOR TWO,indore
Apna Sweets,4.4,"Sweets, Beverages, Street Food, South Indian, Fast Food, Chinese, Desserts",₹300 FOR TWO,indore
Subway,3.8,"Healthy Food, Salads, Snacks, Desserts, Beverages",₹350 FOR TWO,indore
Maa Kali Bhojnalaya,--,North Indian,₹100 FOR TWO,indore
Shahi Khaman - Jalaram Farsan,4.3,"Gujarati, Indian, Fast Food",₹150 FOR TWO,indore
Prashant Chat Choupaty since 1949,3.8,"Street Food, South Indian, Chinese, North Indian, Indian",₹150 FOR TWO,indore
Jai Malhar Sandwich,--,"Continental, Snacks",₹200 FOR TWO,indore
B.CSINGH NATURAL FRUIT KULFI,--,"Ice Cream, Chinese",₹150 FOR TWO,indore
Amour-The Cafeteria,--,"Fast Food, Pizzas, Snacks, Beverages",₹300 FOR TWO,indore
Bhadrakali rasoi,--,Indian,₹100 FOR TWO,indore
Johny Hot Dog-56 dukan,4.3,Fast Food,₹150 FOR TWO,indore
Shreenath Sandwich,3.9,Fast Food,₹150 FOR TWO,indore
Hotel Rajhans,4.2,"Thalis, Rajasthani, Indian",₹500 FOR TWO,indore
Agrawal Sweets-Sarafa,--,"Sweets, Bakery, Snacks",₹300 FOR TWO,indore
Dhanraj Dal Bafle,--,Indian,₹520 FOR TWO,indore
KFC,3.7,"American, Snacks, Biryani",₹400 FOR TWO,indore
CHIKU CHINESE'S,--,Chinese,₹100 FOR TWO,indore
Annapurna Ashirwad bhojan,--,Indian,₹250 FOR TWO,indore
Hotel Madni Darbar -Sarwate Bus Stand,4.0,"North Indian, Biryani, Punjabi, Lucknowi",₹500 FOR TWO,indore
Rajkamal Bhojanalaya,3.8,Indian,₹200 FOR TWO,indore
VIJAY SHREE BHOJNALAYA,3.3,Thalis,₹150 FOR TWO,indore
Ravi Alpahar-Nagar Nigam,4.4,"North Indian, Snacks",₹100 FOR TWO,indore
Ratan Sev Bhandar,4.5,"Sweets, Indian, Snacks, Desserts, Bakery",₹150 FOR TWO,indore
Pizza hut,3.7,Pizzas,₹350 FOR TWO,indore
Cafe Coffee Day,3.7,"Beverages, Snacks, Desserts",₹300 FOR TWO,indore
Rajkamal Dal Bafle,3.6,Thalis,₹100 FOR TWO,indore
maharaja kachori corner,4.0,"Street Food, Fast Food, Snacks",₹100 FOR TWO,indore
Mahakal Chat Corner,3.7,"Fast Food, Snacks",₹200 FOR TWO,indore
Shree Bhairavnath Misthan Bhandar- Rabdi Guru,3.8,"Sweets, Desserts, Indian",₹200 FOR TWO,indore
Jain Mithai Bhandar (JMB),4.2,"North Indian, Chinese, Fast Food, South Indian, Beverages",₹250 FOR TWO,indore
The Lunch Time,2.9,"North Indian, Mughlai, Thalis, Home Food",₹300 FOR TWO,indore
Sam's Momos,3.8,"Chinese, Snacks, Pastas",₹200 FOR TWO,indore
Oye24,3.8,"North Indian, Pizzas, South Indian, Desserts, Chinese, Thalis, Indian",₹300 FOR TWO,indore
Mahadev Restaurant,4.1,"North Indian, Chinese, Thalis, Punjabi",₹300 FOR TWO,indore
Shri Mahalaxmi Fariyali Center,--,Indian,₹150 FOR TWO,indore
shreenath fariyali khichdi,4.0,Snacks,₹100 FOR TWO,indore
Sindh Sweets,--,South Indian,₹250 FOR TWO,indore
McDonald's,3.8,"Burgers, Beverages, Cafe, Desserts",₹400 FOR TWO,indore
Rajkamal Bhojanalaya,3.8,Indian,₹200 FOR TWO,indore
Ganesh Bhojnalaya & Family Restaurant,--,North Indian,₹200 FOR TWO,indore
Tinku's,4.2,Indian,₹300 FOR TWO,indore
Vijay Chaat House,4.3,"Snacks, Sweets, Chaat, Street Food",₹150 FOR TWO,indore
Behrouz Biryani,4.2,"Biryani, Mughlai, Lucknowi, Hyderabadi, Kebabs, North Indian, Persian, Desserts",₹500 FOR TWO,indore
Gayatri Fariyali Center,4.2,"Street Food, Indian, Snacks",₹50 FOR TWO,indore
Naman Namkeen sweets and Bakery,--,Bakery,₹200 FOR TWO,indore
La pinoz pizza,3.8,Italian,₹200 FOR TWO,indore
Beeji Restaurant,3.6,"North Indian, Indian, Snacks",₹450 FOR TWO,indore
Shree leela Restaurant,3.9,"North Indian, Thalis, Punjabi",₹300 FOR TWO,indore
Om Namkeen,4.7,Snacks,₹200 FOR TWO,indore
Prithvilok Restaurant,3.8,"North Indian, Indian",₹300 FOR TWO,indore
JMB Moti Tabela,4.5,"Sweets, Fast Food",₹200 FOR TWO,indore
RL chaat bhandar,--,Chaat,₹100 FOR TWO,indore
Agrawal Ice Cream,--,"Beverages, Desserts",₹200 FOR TWO,indore
Upvaas,4.1,"North Indian, Home Food",₹100 FOR TWO,indore
Shree Leela Kitchen,3.8,"North Indian, Indian",₹300 FOR TWO,indore
Hotel Apna Avenue,4.0,"North Indian, Chinese, Fast Food, Indian, South Indian, Beverages",₹200 FOR TWO,indore
Bhartiya Bhojnalay,3.6,"Thalis, Rajasthani, North Indian, Jain, Desserts, Indian",₹200 FOR TWO,indore
Krozzon By Masters Bakery,3.9,"Beverages, Pizzas",₹500 FOR TWO,indore
Jain Shree Kulfi and Sweets,3.9,"Sweets, Bakery",₹200 FOR TWO,indore
Shree Mathurawala Sweets,3.6,"Sweets, Snacks",₹200 FOR TWO,indore
Jain Shree Dal Bafle,--,"Jain, North Indian",₹200 FOR TWO,indore
Shree Chotiwala Restaurant,3.9,"North Indian, Thalis, Chinese, Punjabi",₹250 FOR TWO,indore
Ansh Restaurant,4.0,"Indian, North Indian, Chinese, Beverages",₹250 FOR TWO,indore
Faasos - Wraps & Rolls,4.0,"Fast Food, Snacks, North Indian, Indian, Healthy Food, Desserts, Beverages",₹200 FOR TWO,indore
Shree Leela Dal Bafle,3.5,Indian,₹150 FOR TWO,indore
Vijayshree Sandwich,4.2,Fast Food,₹200 FOR TWO,indore
FOI- Manik bagh,3.5,"Chinese, Beverages, Italian, Desserts",₹200 FOR TWO,indore
Bhartiya Dal Bafala,--,"Rajasthani, Indian, Thalis",₹200 FOR TWO,indore
Pishori Restaurant,3.8,"North Indian, Chinese, Mughlai, Punjabi, Indian",₹450 FOR TWO,indore
GURUKRIPA SOUTHTUKOGANJ (DUTT),4.0,"North Indian, South Indian, Chinese, Snacks, Thalis, Desserts, Punjabi, Beverage...",₹250 FOR TWO,indore
New Agrawal Sweets,4.0,"Sweets, Snacks, Chaat, Combo, Street Food",₹100 FOR TWO,indore
ONE BOWL DISH,4.8,Indian,₹250 FOR TWO,indore
NIC Natural Ice Creams,4.4,"Ice Cream, Desserts",₹120 FOR TWO,indore
99 Rotiwala - Bhawarkua,3.7,"North Indian, South Indian, Beverages, Chinese",₹200 FOR TWO,indore
"Chanchal Namkeen, Bhel & Chaats",4.1,"Bakery, Chaat, Beverages",₹100 FOR TWO,indore
Starbucks Coffee,4.0,"Beverages, Bakery",₹400 FOR TWO,indore
Dal Bati Surma,4.1,"North Indian, Rajasthani, Thalis, Desserts",₹200 FOR TWO,indore
Your Own Brew Cafe,3.8,Cafe,₹200 FOR TWO,indore
INOX,--,Snacks,₹400 FOR TWO,indore
HOTEL MARWAL CAFE N RESTAURANT,--,"North Indian, South Indian, Fast Food, Beverages",₹200 FOR TWO,jaipur
Tanki Full Cafe,--,"Italian-American, Fast Food, Snacks, Beverages",₹200 FOR TWO,jaipur
Mughal Hotel,3.4,"North Indian, Mughlai, Biryani, Snacks, Thalis",₹200 FOR TWO,jaipur
Burger Farm,4.2,"American, Continental, Italian-American, Snacks, Combo, Grill, Beverages, Bakery...",₹200 FOR TWO,jaipur
Om Pavitra Bhojnalaya & Restaurant,3.8,"Indian, Jain",₹200 FOR TWO,jaipur
Brown Sugar,4.5,"Bakery, Snacks, Desserts, Beverages",₹500 FOR TWO,jaipur
Bagra Fast Food,--,"Indian, Chinese, Italian, Beverages",₹100 FOR TWO,jaipur
Ganesh Bhojnalaya - Jyoti Nagar,4.0,"North Indian, Thalis, Chinese, Mughlai, Chaat, Punjabi, Desserts, Snacks, Rajast...",₹200 FOR TWO,jaipur
Hello Coffee,4.2,Indian,₹100 FOR TWO,jaipur
Agarwal Caterers,4.2,"Sweets, North Indian, Italian",₹200 FOR TWO,jaipur
Hotel Taj,3.4,"North Indian, Thalis, Chinese, Mughlai, Chaat, Punjabi, Desserts, Snacks, Rajast...",₹200 FOR TWO,jaipur
Chaat Ghar,4.2,Snacks,₹300 FOR TWO,jaipur
Domino's Pizza,3.9,Pizzas,₹400 FOR TWO,jaipur
Roll Express,3.9,"Fast Food, Snacks, North Indian, Chinese, Bengali, Beverages, Combo, Lucknowi, M...",₹200 FOR TWO,jaipur
Cake Kanpur Wala,--,"Bakery, Fast Food, Snacks",₹200 FOR TWO,jaipur
Baba Cake House,--,Bakery,₹150 FOR TWO,jaipur
Myfroyoland Frozen Yogurt,--,"Desserts, Ice Cream, Keto",₹400 FOR TWO,jaipur
Cake Shop,--,Bakery,₹200 FOR TWO,jaipur
B Se Burger,--,"Fast Food, Burgers, American, Continental, Pizzas, Indian, Snacks",₹150 FOR TWO,jaipur
Rawat Mishthan Bhandar,4.3,"North Indian, Thalis, Chinese, Mughlai, Chaat, Punjabi, Desserts, Snacks, Rajast...",₹200 FOR TWO,jaipur
Faasos - Wraps & Rolls,4.1,"Fast Food, Snacks, North Indian, Indian, Healthy Food, Desserts, Beverages",₹500 FOR TWO,jaipur
The Mugal Roll Express,4.7,"Chinese, Snacks, Fast Food",₹148 FOR TWO,jaipur
The Laziz Roll Express,4.1,"Snacks, Fast Food",₹200 FOR TWO,jaipur
mugal roll express,3.8,Continental,₹149 FOR TWO,jaipur
RIDDHI SIDDHI FASTFOOD AND RESTAURANT,--,"Indian, Chinese",₹350 FOR TWO,jaipur
BOMBAY ROLL EXPRESS,3.5,Snacks,₹200 FOR TWO,jaipur
Mughal Restaurant,3.4,"North Indian, Biryani, Mughlai, Kebabs, Tandoor, Thalis",₹200 FOR TWO,jaipur
99 Cafe & Thali,3.9,"North Indian, Continental, South Indian, Italian, Chinese",₹200 FOR TWO,jaipur
ROLL. D. EXPRESS,4.2,Snacks,₹150 FOR TWO,jaipur
Ghar Ka Swad,4.3,"North Indian, Thalis, Mughlai, Punjabi, Rajasthani",₹200 FOR TWO,jaipur
Subway,3.7,"Fast Food, Healthy Food, Salads, Desserts, Beverages, Snacks, Continental, Itali...",₹200 FOR TWO,jaipur
DMB Sweets Pvt Ltd,4.2,"Sweets, North Indian, Snacks, South Indian, Chinese, Bengali, Italian, Bakery",₹350 FOR TWO,jaipur
McDonald's,3.9,American,₹400 FOR TWO,jaipur
Falahaar & Kota Kachori,4.2,"North Indian, Snacks, Indian",₹200 FOR TWO,jaipur
Rominus Pizza And Burger,4.1,"Pizzas, Italian-American, Italian, American, Desserts, Beverages, Fast Food, Sna...",₹150 FOR TWO,jaipur
HOME MADE FOODS,3.7,Indian,₹200 FOR TWO,jaipur
LOVE OVER COFFEE,4.0,"Beverages, Snacks",₹200 FOR TWO,jaipur
THE CAKE BAKER,--,Bakery,₹500 FOR TWO,jaipur
PAPAYA,--,"Italian, Fast Food",₹200 FOR TWO,jaipur
Bharat s Bits N Bites C-scheme,--,"Snacks, Pizzas, Fast Food, Chinese, Chaat, Desserts",₹300 FOR TWO,jaipur
Sandwich Bay,3.7,Fast Food,₹400 FOR TWO,jaipur
Take Away The Grill House,3.6,Indian,₹500 FOR TWO,jaipur
PIZZA BITES,3.6,Pizzas,₹150 FOR TWO,jaipur
Hilton Jaipur,4.3,"North Indian, Asian, Italian, Desserts",₹1000 FOR TWO,jaipur
Hotel Irani,--,North Indian,₹200 FOR TWO,jaipur
Cakes on The Floor,--,Bakery,₹200 FOR TWO,jaipur
BAKE A CAKE,3.5,Desserts,₹500 FOR TWO,jaipur
Spiced up,4.0,"North Indian, Thalis, Chaat, Punjabi, Snacks, Beverages",₹250 FOR TWO,jaipur
Kalevaa The Breakfast & Brunch,--,"North Indian, Beverages, Chinese, Snacks, Indian, Continental, Italian, Mughlai,...",₹200 FOR TWO,jaipur
Choudhary Annapurna Bhojanalaya,3.6,"North Indian, Biryani, Thalis, Mughlai, Snacks, Kebabs, Afghani, Tandoor, Indian...",₹300 FOR TWO,jaipur
Kanha,4.3,"Sweets, Fast Food, North Indian, South Indian, Chinese, Snacks, Beverages, India...",₹200 FOR TWO,jaipur
Rawat Misthan Bhandar - Sodala,4.0,"Bakery, Sweets, South Indian, North Indian, Chinese",₹300 FOR TWO,jaipur
THE BOMBAY ROLL EXPRESS,3.9,Snacks,₹200 FOR TWO,jaipur
Neha Bakers,3.5,"Bakery, Desserts",₹200 FOR TWO,jaipur
Thali n Platters,4.0,North Indian,₹300 FOR TWO,jaipur
Saini Dhaba - Sodala,3.9,"North Indian, Beverages",₹150 FOR TWO,jaipur
The Thali House,--,"North Indian, Thalis",₹200 FOR TWO,jaipur
Choudhary Dhaba Khatipura Mod,3.9,"North Indian, Thalis, Chinese, Mughlai, Chaat, Punjabi, Desserts, Snacks, Rajast...",₹200 FOR TWO,jaipur
La Pino'z Pizza - C Scheme,3.8,"Pizzas, Italian, Beverages, Desserts",₹400 FOR TWO,jaipur
Bombay Mishthan Bhandar(BMB),4.1,"North Indian, Thalis, Rajasthani, Snacks, Sweets, Indian",₹300 FOR TWO,jaipur
RAJ MAHAVEER RABDI BHANDAR SHUDH BHOJNALAYA,--,"Sweets, North Indian, Indian",₹100 FOR TWO,jaipur
Nice to meat you,--,Biryani,₹320 FOR TWO,jaipur
Spice Court,4.1,"North Indian, Biryani, Thalis, Mughlai, Snacks, Combo, Kebabs, Afghani, Tandoor,...",₹1000 FOR TWO,jaipur
Dzurt Patisserie and Cafe,4.2,"Bakery, Desserts, Beverages",₹600 FOR TWO,jaipur
Ajmera Bakers,--,Bakery,₹200 FOR TWO,jaipur
PIZZA BAR,3.6,"Pizzas, Beverages",₹250 FOR TWO,jaipur
Brot Company,4.4,"Pizzas, Italian, Continental, Desserts, Bakery, Chinese, Pastas",₹600 FOR TWO,jaipur
The Belgian Waffle Co.,4.3,"Waffle, Desserts, Ice Cream",₹200 FOR TWO,jaipur
Cake Krishna,--,"Bakery, Fast Food, Snacks",₹200 FOR TWO,jaipur
Winterfell Ice Cream Bar,--,"Desserts, Fast Food",₹300 FOR TWO,jaipur
Shudh Desi Kitchen,--,North Indian,₹300 FOR TWO,jaipur
Khandelwal dhaba,3.1,"North Indian, Thalis, Chinese, Mughlai, Fast Food, Chaat, Punjabi, Desserts, Com...",₹250 FOR TWO,jaipur
Pizza Hut,3.2,Pizzas,₹350 FOR TWO,jaipur
MUSKAN BAKERY,--,"Bakery, Desserts",₹500 FOR TWO,jaipur
Cake,2.8,Bakery,₹350 FOR TWO,jaipur
Ganesh tadka,--,North Indian,₹200 FOR TWO,jaipur
Miami Shakes & More,5.0,"Beverages, Desserts, Waffle, Ice Cream, Bakery",₹200 FOR TWO,jaipur
CAKE O CLOCK,--,Bakery,₹500 FOR TWO,jaipur
Aunty Coffee Cafe,--,"Beverages, Fast Food, Italian, Bakery",₹200 FOR TWO,jaipur
Sunrise Bakers & Confectioners,--,Bakery,₹300 FOR TWO,jaipur
Hot Billions,3.6,"North Indian, Kashmiri, Chinese, Continental",₹300 FOR TWO,jammu
Eleven Spices,3.9,North Indian,₹600 FOR TWO,jammu
ART OF SPICES,--,"North Indian, Chinese, Snacks, Biryani, Tandoor",₹500 FOR TWO,jammu
Grill N Chill,--,"North Indian, Chinese",₹300 FOR TWO,jammu
Fun Bytes - Exchange Road,3.7,"Beverages, Pizzas, Burgers, North Indian, Italian, Fast Food, Snacks",₹400 FOR TWO,jammu
Dadi Maa's Kitchen,3.5,"North Indian, Chinese, Snacks",₹150 FOR TWO,jammu
Espato Desi Ghee Ka Desi Khana,--,"Indian, North Indian",₹300 FOR TWO,jammu
Rangla Punjab,3.7,"Indian, Chinese",₹250 FOR TWO,jammu
Rawal Pindi Sweet Shop,3.8,"North Indian, Beverages",₹250 FOR TWO,jammu
Pizza meal,--,"Italian-American, Pizzas, American, Beverages",₹200 FOR TWO,jammu
Premier Dhaba,--,"North Indian, Mughlai, Kashmiri",₹450 FOR TWO,jammu
Kingdom of Momos,4.1,"North Indian, Chinese, Asian",₹300 FOR TWO,jammu
Bangs,3.7,North Indian,₹300 FOR TWO,jammu
Shah di hatti,--,Indian,₹100 FOR TWO,jammu
Kwality Sweets - Canal Road,4.1,"Fast Food, Beverages, Street Food, Sweets, Pizzas",₹400 FOR TWO,jammu
Khaana Khazana,3.7,"Chinese, Desserts, Italian, North Indian, South Indian, Continental, Beverages",₹700 FOR TWO,jammu
MASALA BITES,--,"Chinese, Burgers, Fast Food",₹500 FOR TWO,jammu
Grill Inn - Akhnoor Road,4.0,"American, Beverages, Pizzas",₹200 FOR TWO,jammu
Cosmo Kitchen,3.9,"North Indian, Indian, Desserts, Italian, Fast Food, Salads, Pizzas, Thai, Contin...",₹700 FOR TWO,jammu
Barista - Residency Road,3.9,"Beverages, Snacks, Desserts",₹350 FOR TWO,jammu
The Biryani Wala,4.1,"Biryani, Indian",₹500 FOR TWO,jammu
Vimpi's Chicken - Channi Himmat,3.8,"North Indian, Chinese, Continental, Pizzas",₹250 FOR TWO,jammu
Kesar Restaurant,3.7,"North Indian, Chinese, Thalis, Beverages, Biryani, Tandoor, Salads",₹350 FOR TWO,jammu
Green Land Bakery,--,"Bakery, Snacks",₹250 FOR TWO,jammu
Perfect Kitchen,--,"Chinese, Beverages",₹200 FOR TWO,jammu
Shiv Vaishno Dhaba,3.7,North Indian,₹200 FOR TWO,jammu
KC 360,3.8,"North Indian, Chinese, Snacks, Continental",₹400 FOR TWO,jammu
Kekiz The Cake Shop,--,"Bakery, Desserts",₹500 FOR TWO,jammu
Singh's Brother,--,"Snacks, Chinese, Indian",₹400 FOR TWO,jammu
SIIP AND ZIIP,--,"Chinese, North Indian, Beverages",₹300 FOR TWO,jammu
Bikano Family Restaurant,3.3,"Chinese, Continental, North Indian, Mughlai",₹500 FOR TWO,jammu
Espato My Learn Coffee,--,"Pizzas, Fast Food, Snacks, Chinese, Beverages",₹300 FOR TWO,jammu
Chinese Fast Food,3.2,"Asian, Chinese, Continental",₹250 FOR TWO,jammu
WAZWAN by KAPSON,--,North Indian,₹400 FOR TWO,jammu
La Pino'z Pizza,3.7,Pizzas,₹300 FOR TWO,jammu
Pahalwan Chicken Corner,3.6,"North Indian, Kashmiri, Mughlai",₹450 FOR TWO,jammu
The Chai Theka,--,Beverages,₹300 FOR TWO,jammu
The Fat Duck 1,--,"Chinese, North Indian, Snacks, Fast Food, Pizzas, Beverages",₹100 FOR TWO,jammu
Cookie Crumb Bakers & Cafe,3.9,"Pizzas, Snacks, Burgers, Fast Food, Beverages",₹300 FOR TWO,jammu
21 China Town,--,"North Indian, Snacks, Desserts, Beverages, Chinese, Fast Food, Sushi",₹300 FOR TWO,jammu
Sharma Hotel Baggar Wale,4.2,North Indian,₹450 FOR TWO,jammu
Vimpi's Chicken,3.6,"North Indian, Pizzas, Chinese, Italian, Pastas",₹400 FOR TWO,jammu
Dominee - The Pizza Expert,3.8,North Indian,₹350 FOR TWO,jammu
Amrut Indian Street Food,4.1,"North Indian, Snacks, Street Food, South Indian",₹200 FOR TWO,jammu
The Lime Tree - Lords Inn,--,"North Indian, Asian, Snacks",₹500 FOR TWO,jammu
D Village,3.7,"North Indian, Continental, Chinese",₹250 FOR TWO,jammu
Bakers 'R' Us,4.0,Bakery,₹200 FOR TWO,jammu
Winni Cakes and More,3.3,"Bakery, Fast Food",₹400 FOR TWO,jammu
Nick Bakers & Cafe,2.8,Bakery,₹600 FOR TWO,jammu
Fun Bytes - Gandhi Nagar,3.7,"Fast Food, Snacks, Pizzas, Continental",₹200 FOR TWO,jammu
Food Colab,3.9,"Chinese, Indian, Continental",₹300 FOR TWO,jammu
7th Heaven,4.0,"Bakery, Desserts, Pizzas, Chinese",₹400 FOR TWO,jammu
Wok,4.1,"Asian, Chinese, Continental",₹300 FOR TWO,jammu
Masala Diary,3.5,Indian,₹300 FOR TWO,jammu
Vanilla Bean by Anu,--,"Bakery, Desserts",₹500 FOR TWO,jammu
Sharma Vaishno Dhaba,3.5,"North Indian, Thalis, Beverages, Desserts",₹200 FOR TWO,jammu
M/s Veera Cake and bakers (Kekiz),--,"Bakery, Desserts",₹500 FOR TWO,jammu
Asian Fusion House,4.2,"Asian, Chinese, Continental",₹300 FOR TWO,jammu
Darshan Sweets & Italian Bake Studio,3.8,"Pizzas, Snacks, Beverages",₹200 FOR TWO,jammu
Bagwati Food,--,Indian,₹150 FOR TWO,jammu
Pradhan Snacks,--,"Snacks, Sweets",₹250 FOR TWO,jammu
Subway,3.7,"Healthy Food, Salads, Snacks, Desserts, Beverages",₹500 FOR TWO,jammu
Hungry Point,3.6,"Pizzas, Beverages",₹250 FOR TWO,jammu
PVR Cafe,--,"Snacks, Fast Food, Beverages",₹400 FOR TWO,jammu
Grill Inn,3.5,"Continental, Chinese, Pizzas, Pastas",₹300 FOR TWO,jammu
Pahalwan's,3.9,"North Indian, Chinese, Desserts, South Indian, Sweets, Snacks, Street Food, Ice ...",₹400 FOR TWO,jammu
Momo Hut,3.6,"Chinese, Pan-Asian, Continental",₹200 FOR TWO,jammu
Amritsari Kulcha Hut - Bus Stand,4.2,"North Indian, Beverages",₹300 FOR TWO,jammu
McDonald's,4.1,"American, Continental, Beverages",₹400 FOR TWO,jammu
Kwality Walls Frozen Dessert and Ice Cream Shop,4.7,"Desserts, Ice Cream, Ice Cream Cakes",₹300 FOR TWO,jammu
Hari Om Ganti Wala Naan,--,North Indian,₹250 FOR TWO,jammu
The Kalari Factory,3.4,"Fast Food, Chinese, Beverages",₹400 FOR TWO,jammu
Sain Ji Di Hatti,--,"North Indian, Pastas, Pizzas, Chinese",₹200 FOR TWO,jammu
Nai Delhi,3.7,"North Indian, Chinese, Snacks, Tandoor",₹300 FOR TWO,jammu
Chicago Pizza,4.1,Pizzas,₹400 FOR TWO,jammu
Humpty Dumpty,4.2,"North Indian, Chinese, Pizzas, Snacks, Fast Food, Burgers, Beverages",₹400 FOR TWO,jammu
Mango,4.1,"Continental, Chinese, Pastas, Pizzas",₹300 FOR TWO,jammu
Jani Di Hatti,4.3,"North Indian, Snacks, Beverages",₹300 FOR TWO,jammu
KFC,4.0,"American, Snacks, Biryani",₹450 FOR TWO,jammu
The big belly,3.8,"Snacks, Indian",₹200 FOR TWO,jammu
Maa Shitla Bhojnalay & fast food,3.5,"Chinese, South Indian, Indian",₹300 FOR TWO,jhansi
SANDWITCH & SHAKS,2.3,Chinese,₹200 FOR TWO,jhansi
Tiwari sweets and food,--,"South Indian, Indian, Chinese, Thalis",₹250 FOR TWO,jhansi
PERRY PIZZA,--,"Italian, Pastas, Snacks",₹200 FOR TWO,jhansi
RAJBIHARI,--,"Snacks, Indian",₹150 FOR TWO,jhansi
Prakash Doodh And Mishthan Bhandar,--,"Sweets, Snacks",₹300 FOR TWO,jhansi
Khushboo Shop,--,"South Indian, Snacks",₹200 FOR TWO,jhansi
Emotion's Cake & Bakery,--,Bakery,₹300 FOR TWO,jhansi
7th Heaven cafe,3.6,"Bakery, Ice Cream, Pizzas",₹250 FOR TWO,jhansi
Pizza Factory & Food,3.0,"Chinese, Italian-American, Pizzas",₹200 FOR TWO,jhansi
7th Heaven,3.8,Bakery,₹300 FOR TWO,jhansi
Winni Cakes & More,--,"Bakery, Snacks, Desserts, Fast Food",₹200 FOR TWO,jhansi
The Bakers Factory,3.9,"Asian, Bakery, North Indian, Italian, Lebanese, South Indian",₹400 FOR TWO,jhansi
Kushwaha ji Foods & Caters,3.3,Biryani,₹100 FOR TWO,jhansi
Rolls Mania,4.0,Beverages,₹300 FOR TWO,jhansi
UB's Restaurant - Sunrise Hotel,4.0,"North Indian, Mughlai, Chinese",₹500 FOR TWO,jhansi
The Chacha's Biryani,3.7,Biryani,₹150 FOR TWO,jhansi
Pandit JI Bekary & Namkeen Corner,--,Bakery,₹150 FOR TWO,jhansi
Bikanervala,4.0,"Chinese, Ice Cream, North Indian, Pizzas, Snacks, South Indian, Sweets, Tandoor,...",₹300 FOR TWO,jhansi
Burger Ji,4.1,"Italian, Continental, Snacks",₹250 FOR TWO,jhansi
Barbeque Nation,4.0,"North Indian, Barbecue, Biryani, Kebabs, Mughlai, Desserts",₹600 FOR TWO,jhansi
Jannak's Restaurant,3.6,"North Indian, Chinese, South Indian, Beverages",₹100 FOR TWO,jhansi
Pizza Hut,3.8,Pizzas,₹350 FOR TWO,jhansi
UBQ by Barbeque Nation,3.8,"North Indian, Barbecue, Biryani, Kebabs, Mughlai, Desserts",₹300 FOR TWO,jhansi
Balaji Bake 'n' Cake,--,"Bakery, Desserts, Fast Food, Pizzas, Snacks",₹300 FOR TWO,jhansi
Burger point,3.5,"American, Fast Food, Snacks, Beverages",₹300 FOR TWO,jhansi
Domino's Pizza,3.9,Pizzas,₹400 FOR TWO,jhansi
Shri Annapurna Thali,4.0,"Beverages, Indian, Italian, Mexican, North Indian",₹250 FOR TWO,jhansi
THE KITCHEN by the wood fire kitchen,--,"Biryani, Indian",₹200 FOR TWO,jhansi
Bundeli foods,2.8,"Chinese, Indian",₹250 FOR TWO,jhansi
World Of Pizzeria Bistro,2.3,"North Indian, Chinese, Italian, Mexican",₹200 FOR TWO,jhansi
Nav Bharat Restaurant & Ice Creamery,--,"North Indian, Chinese, Snacks, Biryani, Fast Food, Beverages, Desserts",₹250 FOR TWO,jhansi
Singh Foods- By Hotel Singh Regency,3.6,"North Indian, Chinese",₹400 FOR TWO,jhansi
Nimmi Fast Food Center,4.2,Fast Food,₹100 FOR TWO,jhansi
Pradeep Doodh Bhandaar,4.4,"Bakery, Beverages",₹280 FOR TWO,jhansi
The Grand Dosa venu,3.2,South Indian,₹100 FOR TWO,jhansi
New Thali Restaurant,--,"Thalis, North Indian",₹200 FOR TWO,jhansi
Hotel Tulsi Restaurant,3.9,"North Indian, Mughlai, Chinese",₹500 FOR TWO,jhansi
Pizzastan,--,"Italian, Pizzas",₹200 FOR TWO,jhansi
Happy Pizza Hub,--,Pizzas,₹200 FOR TWO,jhansi
Kushwaha Ji Veg Biryani,4.1,"Mughlai, Biryani",₹150 FOR TWO,jhansi
Veg Thali Restaurant,--,"Thalis, Indian",₹200 FOR TWO,jhansi
LA' CHEF By K3 Club Residency,4.0,North Indian,₹250 FOR TWO,jhansi
The High Ground Cafe & Restaurant,--,"Fast Food, Italian, Chinese, Snacks",₹300 FOR TWO,jhansi
LALA JI FOODS,--,"Chinese, South Indian",₹200 FOR TWO,jhansi
Chelaram FastFood,3.4,"Fast Food, South Indian, Chinese",₹200 FOR TWO,jhansi
Gupta Ji Aloo Bonda,3.5,"Sweets, Snacks",₹100 FOR TWO,jhansi
MOTIMAHAL DELUX,--,"Indian, Tandoor",₹900 FOR TWO,jhansi
Jatin Food Corner,--,Indian,₹450 FOR TWO,jhansi
JATIN FOOD'S & RESTRO,--,"Chinese, South Indian, Italian",₹200 FOR TWO,jhansi
Chai Sutta Bar,--,"Cafe, Beverages, Fast Food",₹200 FOR TWO,jhansi
ALFA FOODS,--,"North Indian, Fast Food, South Indian",₹200 FOR TWO,jhansi
The Grand Tulsi Hotel,3.9,"Indian, Chinese",₹500 FOR TWO,jhansi
The Veg Food Restaurant BY VEG THALI RESTAURENT,3.1,"Thalis, North Indian",₹200 FOR TWO,jhansi
MOR MUKUT PITHA BHANDAR,--,"Street Food, Sweets",₹200 FOR TWO,jhansi
Cafe Tulsi & Chelaram Sweet,3.8,Sweets,₹100 FOR TWO,jhansi
Hotel Bundelkhand Pride,--,"Indian, Desserts, Thalis",₹250 FOR TWO,jhansi
Shake it up,--,Beverages,₹250 FOR TWO,jhansi
Top N Town,4.0,"Beverages, Desserts",₹350 FOR TWO,jhansi
Queen Courts,--,"North Indian, Biryani, Snacks",₹200 FOR TWO,jhansi
Ikram Khan's Cuisine,3.4,Mughlai,₹100 FOR TWO,jhansi
Shalimar Biryani,2.5,Biryani,₹200 FOR TWO,jhansi
Cake Junction,3.4,"Bakery, Desserts",₹500 FOR TWO,jhansi
Nataraj sarovar Portico,4.0,Bakery,₹550 FOR TWO,jhansi
Agarwal Ji Ke Speical Chole Bhature,--,Indian,₹100 FOR TWO,jhansi
Three C Cafeteria,--,"Chinese, Beverages",₹100 FOR TWO,jhansi
Burger Singh (Big Punjabi Burgers),3.9,"American, Indian, Snacks, Desserts, Beverages",₹300 FOR TWO,jhansi
Burger Ji - Rani Laxmibai,3.9,Beverages,₹150 FOR TWO,jhansi
Fruit Zone,--,"Beverages, Salads",₹200 FOR TWO,jhansi
BURGER KITCHIN,--,Beverages,₹200 FOR TWO,jhansi
CAKE MY WAY,--,Bakery,₹150 FOR TWO,jhansi
HEADQUARTER ISOLATE,--,"North Indian, Continental, Tandoor, Desserts",₹700 FOR TWO,jhansi
MARVEL CAFE,--,"Cafe, Italian, Fast Food, Burgers, Snacks, Ice Cream, Desserts",₹200 FOR TWO,jhansi
Hotel Ambience-Swaad Restaurant,3.7,"North Indian, Continental, Chinese, South Indian",₹500 FOR TWO,jhansi
Foodies Panda,--,"Pizzas, Pastas, Snacks",₹200 FOR TWO,jhansi
Mumbai Masala Cafe,--,"Snacks, Chinese, Italian-American",₹300 FOR TWO,jhansi
Bundeli Sweets and Food,3.2,"Indian, South Indian, Beverages",₹200 FOR TWO,jhansi
The Egg Corner,--,Indian,₹200 FOR TWO,jhansi
Drunk & Down Cafe,--,"Cafe, Beverages, Indian, Fast Food, Snacks",₹200 FOR TWO,jhansi
Hotel Sita,--,Indian,₹200 FOR TWO,jhansi
Apna Dhaba,4.1,"Beverages, North Indian, Punjabi, Desserts, Tandoor",₹300 FOR TWO,kolkata
Agarwal's Kitchen,4.2,"Thalis, North Indian, Desserts, Beverages",₹250 FOR TWO,kolkata
KFC,4.3,"American, Snacks, Biryani",₹450 FOR TWO,kolkata
Banana Leaf,4.3,South Indian,₹200 FOR TWO,kolkata
Chowman-Salt Lake,4.4,"Chinese, Asian, Oriental, Pan-Asian, Thai",₹700 FOR TWO,kolkata
Wow! Momo,4.2,"Tibetan, Healthy Food, Asian, Chinese, Snacks, Continental, Desserts, Beverages",₹300 FOR TWO,kolkata
Pithe Bilashi,4.0,Bengali,₹300 FOR TWO,kolkata
7th Heaven,4.2,"Bakery, Desserts, Snacks, Beverages, Waffle",₹300 FOR TWO,kolkata
Koshe Kosha - Salt Lake,4.3,Bengali,₹500 FOR TWO,kolkata
Momo I am,4.5,"Asian, Chinese, Tibetan",₹350 FOR TWO,kolkata
Royal India Restaurant,4.0,"Biryani, Chinese, Tandoor, North Indian",₹300 FOR TWO,kolkata
Friday Release - Chinese & North Indian,4.7,"North Indian, Biryani, Mughlai, Kebabs, Chinese, Snacks, Desserts",₹300 FOR TWO,kolkata
La Pino'z Pizza,4.0,"Italian, Snacks",₹250 FOR TWO,kolkata
Berlin Burgers,4.3,"Fast Food, Seafood",₹400 FOR TWO,kolkata
Cafe Coffee Day,4.6,"Beverages, Snacks, Desserts",₹300 FOR TWO,kolkata
Kaffee Am Salzsee (Feldberg Foods Private Limited),--,"Beverages, Italian, Fast Food",₹800 FOR TWO,kolkata
POULAMI HOTEL AND ASSOCIATE,--,"Beverages, Indian, Continental",₹300 FOR TWO,kolkata
CHAK LE DHABA,--,Indian,₹300 FOR TWO,kolkata
Fryman Salt lake,3.5,"Chinese, South Indian",₹350 FOR TWO,kolkata
GLACE PATISSERIE,4.1,"Bakery, Desserts, Beverages",₹200 FOR TWO,kolkata
Subway,4.5,"Healthy Food, Salads, Snacks, Desserts, Beverages",₹350 FOR TWO,kolkata
Kookie Jar,4.5,"Desserts, Snacks, Bakery",₹350 FOR TWO,kolkata
Teekha,4.4,"Indian, Mexican, Street Food, Beverages, Chaat",₹250 FOR TWO,kolkata
The Sonnet- Aura,--,"Indian, Chinese, Continental",₹1200 FOR TWO,kolkata
Oh! Calcutta,4.4,"Bengali, Indian, Biryani",₹800 FOR TWO,kolkata
"Kareem's - Salt Lake , Sector 5",4.1,"Biryani, Mughlai",₹1100 FOR TWO,kolkata
Kolkata@99,3.6,Indian,₹200 FOR TWO,kolkata
Oudh 1590 Salt Lake,4.3,"Biryani, Mughlai, North Indian, Awadhi, Kebabs, Lucknowi",₹1000 FOR TWO,kolkata
Ambrosia Restaurant & Bar,--,"Indian, Tandoor, Chinese",₹450 FOR TWO,kolkata
"Cakes,Salt Lake,Sector-I",4.5,"Desserts, Bakery",₹300 FOR TWO,kolkata
Mama Mia! - Italian Ice Creams & Cakes,4.6,"Ice Cream, Desserts, Bakery, Sweets, Beverages, Ice Cream Cakes",₹200 FOR TWO,kolkata
Cakes by Mama Mia!,4.5,"Bakery, Desserts",₹300 FOR TWO,kolkata
Oye Balle Balle Dhaba,4.3,"North Indian, Punjabi, Pan-Asian, Mughlai",₹550 FOR TWO,kolkata
teknix,3.9,Chinese,₹200 FOR TWO,kolkata
Down The Lane,3.9,"Continental, Italian, Mexican",₹800 FOR TWO,kolkata
The Steak & Grill,4.2,"Continental, European",₹1100 FOR TWO,kolkata
Balle Balle Dhaba,4.2,"North Indian, Punjabi, Biryani",₹500 FOR TWO,kolkata
Shawarma Nation,4.1,"Lebanese, Snacks, Indian, Mexican, Healthy Food, Continental",₹500 FOR TWO,kolkata
Bhikharam Chandmal - Salt Lake,4.5,"Snacks, Sweets",₹200 FOR TWO,kolkata
Gangotri,4.4,"Street Food, North Indian, South Indian",₹300 FOR TWO,kolkata
Asia Kitchen By Mainland China,4.7,"Asian, Chinese, Oriental",₹850 FOR TWO,kolkata
Flurys,4.2,"Bakery, Continental",₹450 FOR TWO,kolkata
Aahare Bengali Restaurant,4.2,"Bangladeshi, Bengali",₹200 FOR TWO,kolkata
Desi Champaran Meat,3.5,"North Indian, Indian, Tandoor, Desserts",₹300 FOR TWO,kolkata
Mio Amore - The Cake Shop,4.6,"Desserts, Bakery, Snacks",₹150 FOR TWO,kolkata
Dariole,4.4,"Bakery, Desserts",₹150 FOR TWO,kolkata
Keventers Ice Cream,4.5,"Ice Cream, Desserts",₹300 FOR TWO,kolkata
China Belly By Wow! Momo,3.8,"Chinese, Tibetan, Asian, Fast Food, Beverages, Snacks, Continental, Desserts",₹300 FOR TWO,kolkata
Bhojohori Manna,4.1,Bengali,₹900 FOR TWO,kolkata
AGARWAL TEA AND SNACKS,2.9,Fast Food,₹250 FOR TWO,kolkata
Wow! China,3.8,"Tibetan, Chinese, Asian, Snacks, Continental, Desserts, Beverages",₹400 FOR TWO,kolkata
MBA CHAIWALA SALTLAKE,4.3,"Fast Food, Snacks, Beverages",₹300 FOR TWO,kolkata
Saptapadi,4.3,"Bengali, Thalis",₹500 FOR TWO,kolkata
Azad Hind Dhaba,4.2,North Indian,₹500 FOR TWO,kolkata
Shree Krishna Hot chips,4.5,Snacks,₹80 FOR TWO,kolkata
Bowl Nation,4.0,"North Indian, Chinese, Asian, Continental",₹250 FOR TWO,kolkata
Annapurna food,4.2,Indian,₹200 FOR TWO,kolkata
Pizza Hut,3.8,Pizzas,₹350 FOR TWO,kolkata
Haji Ali,4.1,"Biryani, Mughlai, North Indian, Kebabs, Tandoor, Indian, Chinese",₹500 FOR TWO,kolkata
Rang De Basanti Dhaba,4.1,"North Indian, Kebabs, Mughlai, Biryani, Punjabi, Desserts, Tandoor, Indian, Snac...",₹300 FOR TWO,kolkata
Hatari - Salt Lake,4.5,"Chinese, Indian",₹500 FOR TWO,kolkata
Chennai Square,4.5,"South Indian, Beverages",₹500 FOR TWO,kolkata
China Green,4.1,"Chinese, Asian, Oriental, Thai, Pan-Asian",₹300 FOR TWO,kolkata
Sharma Tea(Salt Lake),4.2,Snacks,₹100 FOR TWO,kolkata
Kwality Wall's Swirl's,3.3,Ice Cream,₹150 FOR TWO,kolkata
Mallika,4.3,"Street Food, Chinese, Tibetan",₹600 FOR TWO,kolkata
Aalia Biryani,4.2,Biryani,₹300 FOR TWO,kolkata
Gupta Brothers Salt Lake,4.3,Sweets,₹100 FOR TWO,kolkata
Aahare Bengali,4.0,"Bengali, Bangladeshi, Indian, Seafood, Desserts, Thalis",₹200 FOR TWO,kolkata
Kurseong Korner,4.1,Chinese,₹600 FOR TWO,kolkata
De Sovrani,2.9,"Indian, Chinese, Continental",₹800 FOR TWO,kolkata
Keventers - Milkshakes and Desserts,4.4,"Beverages, Ice Cream, Desserts, Healthy Food",₹300 FOR TWO,kolkata
Santa's Fantasea - Tribal & Seafood,4.1,"Seafood, Chinese, Thai, North Eastern, Desserts",₹800 FOR TWO,kolkata
Sigree,4.3,"North Indian, Biryani",₹900 FOR TWO,kolkata
Courting Coffees,4.5,Continental,₹300 FOR TWO,kolkata
Super Sub Deli,--,Fast Food,₹200 FOR TWO,kolkata
Scone (Multicuisine Unit),4.3,"Indian, Chinese",₹300 FOR TWO,kolkata
POCKETMEAL,4.1,"Biryani, Mughlai, North Indian, Bengali, Snacks",₹200 FOR TWO,kolkata
The Biryani Inc.,4.2,"Biryani, Mughlai, Kebabs, North Indian",₹350 FOR TWO,kolkata
Sand- De sovrani,--,"Indian, Chinese, Continental",₹800 FOR TWO,kolkata
Mirch Masala,3.5,"Indian, Fast Food, Beverages",₹199 FOR TWO,kota
Eatos,3.9,"North Indian, Chinese, Punjabi, Hyderabadi",₹300 FOR TWO,kota
Laxmi Mess And Fast Food,4.6,Indian,₹200 FOR TWO,kota
UBQ by Barbeque Nation,3.5,"North Indian, Barbecue, Biryani, Kebabs, Mughlai, Desserts",₹300 FOR TWO,kota
Nutrition Cafe,--,"Healthy Food, Salads, Fast Food, Snacks",₹150 FOR TWO,kota
Biryani King Restaurant,2.9,"North Indian, Thalis, Chinese, Mughlai, Fast Food, Chaat, Punjabi, Desserts, Com...",₹200 FOR TWO,kota
Aslii Zaika (CAD),--,"Mughlai, North Indian, Pastas",₹200 FOR TWO,kota
McDonald's,3.9,American,₹350 FOR TWO,kota
Home Cooking,4.8,"Continental, Indian",₹200 FOR TWO,kota
Biloo^s cake town,--,Bakery,₹2600 FOR TWO,kota
Cake Junction,--,Bakery,₹500 FOR TWO,kota
Vada Pav Junction,--,"Street Food, Beverages, Fast Food, Burgers, Snacks",₹200 FOR TWO,kota
Pizza Hut,3.4,"Pizzas, Fast Food",₹350 FOR TWO,kota
Shimla Bakery,3.3,Bakery,₹400 FOR TWO,kota
Chicken Chaska,3.3,"North Indian, Thalis, Chinese, Mughlai, Chaat, Punjabi, Desserts, Snacks, Rajast...",₹220 FOR TWO,kota
Muskan new chaska,--,Chinese,₹150 FOR TWO,kota
Friends Food Zone,--,"South Indian, North Indian, Fast Food, Chinese, Beverages",₹150 FOR TWO,kota
Punjabi Mathri (Bajrang Nagar),4.3,"Snacks, Sweets",₹250 FOR TWO,kota
Rising Bowl,4.0,"Chinese, Snacks, Combo, Indian, Beverages",₹200 FOR TWO,kota
Malik Punjabi Foods,3.9,"Punjabi, Tandoor, North Indian, Thalis",₹200 FOR TWO,kota
"Frozen Bottle - Milkshakes, Desserts And Ice Cream",4.3,"Beverages, Desserts, Ice Cream, Combo, Waffle, Bakery, Healthy Food",₹250 FOR TWO,kota
Treat,4.0,"Pizzas, Italian, Fast Food",₹300 FOR TWO,kota
"Maheshwari ( Bharat Hotel, Gumanpura)",4.1,North Indian,₹250 FOR TWO,kota
City Fast Food,--,"Fast Food, Italian, Chinese, Snacks",₹150 FOR TWO,kota
Hunger Buddy Fast Food Restaurant,3.6,"Chinese, Continental, Beverages, Italian, Pizzas",₹150 FOR TWO,kota
Nothing Before Coffee,4.4,Indian,₹300 FOR TWO,kota
Bakewell Bakers (GumanPura Wale),4.1,"Desserts, Bakery, Sweets",₹150 FOR TWO,kota
Kake Da Dhaba,3.8,"North Indian, Fast Food, Chinese, Italian, Pizzas",₹200 FOR TWO,kota
Burger Garage,3.8,"Burgers, Beverages",₹200 FOR TWO,kota
Pakwan Dhaba (MONALISA),3.5,"North Indian, Thalis, Chinese, Mughlai, Chaat, Punjabi, Desserts, Snacks, Rajast...",₹150 FOR TWO,kota
Santosh Bakery,4.2,"Fast Food, Desserts, Bakery, Snacks, Combo, Sweets, Grill",₹200 FOR TWO,kota
MRF punjabi food,3.8,"North Indian, Chinese, Biryani, Punjabi, Thalis, Rajasthani",₹200 FOR TWO,kota
Thapa Ji Ke Momos,3.7,"Chinese, Snacks",₹200 FOR TWO,kota
Janta Dairy,4.1,"Desserts, Bakery, Sweets",₹200 FOR TWO,kota
VARSHA BREAKFAST,3.9,"Fast Food, Indian",₹150 FOR TWO,kota
BURGER GARAGE Gumanpura,4.2,"Beverages, Chinese, Italian",₹200 FOR TWO,kota
Swaad Ka Khazana,4.0,Indian,₹150 FOR TWO,kota
The Flavors,--,"Chinese, North Indian",₹200 FOR TWO,kota
Cake Point,2.2,"Bakery, Desserts, Indian",₹100 FOR TWO,kota
Bhole Shankar Dhaba,3.5,"North Indian, Biryani, Desserts, Hyderabadi",₹200 FOR TWO,kota
Jalsa By New Maheshwari,3.4,"North Indian, Indian, Chinese, Pizzas, Beverages",₹300 FOR TWO,kota
Kwality Walls Frozen Dessert and Ice Cream Shop,4.6,"Desserts, Ice Cream, Ice Cream Cakes",₹200 FOR TWO,kota
Waheguru Rasoi,--,Indian,₹140 FOR TWO,kota
Cake Club,3.6,"Bakery, Fast Food",₹100 FOR TWO,kota
Gossip - Cake My World,--,"Bakery, Beverages, Italian, Fast Food, Lebanese, Salads",₹500 FOR TWO,kota
Foodies Arena,3.9,Pizzas,₹200 FOR TWO,kota
Cake Adda,--,"Bakery, Desserts, Indian",₹100 FOR TWO,kota
Skyroom -Hotel Surya Plaza,4.0,North Indian,₹300 FOR TWO,kota
Cake Mania,--,Bakery,₹100 FOR TWO,kota
Kota Fast Foods,3.1,"Fast Food, South Indian, Continental",₹100 FOR TWO,kota
Jain Misthan Bhandar,3.9,"Sweets, Snacks",₹200 FOR TWO,kota
Brique,3.0,"Biryani, North Indian, Beverages, Indian, Chinese",₹200 FOR TWO,kota
Indish Restaurant,--,"North Indian, Indian, Chinese, Snacks, Desserts, Beverages",₹400 FOR TWO,kota
Cake Corner,2.6,"Bakery, Desserts, Indian",₹100 FOR TWO,kota
Jalwa,--,"Indian, Italian, Continental, Chinese",₹300 FOR TWO,kota
Barbeque Nation,3.6,"North Indian, Barbecue, Biryani, Kebabs, Mughlai, Desserts",₹600 FOR TWO,kota
Sheesha,4.1,"North Indian, Tandoor, Seafood",₹300 FOR TWO,kota
Burger King,4.2,"Burgers, American",₹350 FOR TWO,kota
Cake Studio,--,Bakery,₹500 FOR TWO,kota
New Maheshwari Restaurant ( Chawani ),3.8,"North Indian, Thalis, Chinese, Desserts, Combo, Snacks, Rajasthani, Tandoor, Ind...",₹250 FOR TWO,kota
Kesar Punjabi Dhaba,3.5,"North Indian, Punjabi, Biryani, Chinese",₹200 FOR TWO,kota
Malujiwala Foods,3.8,North Indian,₹200 FOR TWO,kota
Paratho Ki Bahar Corner,--,"Snacks, Fast Food",₹100 FOR TWO,kota
Deebee's Restaurant (Hotel Le Amor),--,"North Indian, Chinese, Desserts, Continental, Pizzas, Fast Food",₹200 FOR TWO,kota
Aslii Zaika,3.3,"North Indian, Mughlai, Biryani, Seafood, Arabian, Afghani",₹200 FOR TWO,kota
Hola Cakes,--,Bakery,₹500 FOR TWO,kota
Anu's Cake Creations,4.5,"Desserts, Bakery, Sweets",₹200 FOR TWO,kota
Cake walas,1.7,Bakery,₹500 FOR TWO,kota
Cake Mart,--,Desserts,₹200 FOR TWO,kota
Ratan Sweets Namkeen Bakery,3.9,"Sweets, Snacks",₹200 FOR TWO,kota
Rominus Pizza And Burger,3.8,"Italian-American, Pizzas, Barbecue, Snacks, Combo, Grill, Italian, Pastas, Sweet...",₹200 FOR TWO,kota
Cake Fresh,--,Bakery,₹200 FOR TWO,kota
Engineer'S Cake Point,4.8,Bakery,₹200 FOR TWO,kota
Jai Jinendra Sweets & Namkeens,4.0,"Snacks, Sweets",₹200 FOR TWO,kota
Al Haram,4.0,"Mughlai, North Indian",₹300 FOR TWO,kota
Anand Shekhawati Dhaba (Transport Nagar),3.9,"North Indian, Thalis, Rajasthani, Indian",₹150 FOR TWO,kota
Mother Dairy (My Milk),4.4,"Sweets, Beverages",₹200 FOR TWO,kota
Jodhpur Sweets,4.3,"Sweets, Snacks, Chaat",₹300 FOR TWO,kota
Maheshwari Rasoi Restaurant,3.4,"North Indian, Thalis, Indian, South Indian",₹200 FOR TWO,kota
Royal Firdous since 1979 (Aerodrome Circle),3.8,"North Indian, Thalis, Chinese, Mughlai, Desserts, Combo, Snacks, Tandoor, Bevera...",₹200 FOR TWO,kota
Sweet Truth - Cake and Desserts,4.2,"Ice Cream, Bakery, Desserts, Beverages",₹450 FOR TWO,lucknow
Mint Cafe,4.1,"Mughlai, North Indian, Italian-American, Continental, Chinese",₹300 FOR TWO,lucknow
PVR Cafe,--,"Snacks, Fast Food, Beverages",₹400 FOR TWO,lucknow
Jumbo King,--,"Burgers, Snacks, Beverages",₹200 FOR TWO,lucknow
The Brooklyn Creamery - Healthy Ice Cream,4.4,"Desserts, Ice Cream, Healthy Food",₹200 FOR TWO,lucknow
MILKSHAKE AND CO.,4.2,"Beverages, Italian",₹300 FOR TWO,lucknow
JUST COCO,--,Beverages,₹140 FOR TWO,lucknow
Faasos - Wraps & Rolls,4.1,"Fast Food, Snacks, North Indian, Indian, Healthy Food, Desserts, Beverages",₹200 FOR TWO,lucknow
Starbucks Coffee,4.2,"Beverages, Ice Cream",₹400 FOR TWO,lucknow
High Point,4.1,"Snacks, North Indian",₹200 FOR TWO,lucknow
Wendy's,4.2,"American, Burgers, Fast Food, Beverages, Snacks",₹200 FOR TWO,lucknow
Goli Vada Pav,4.2,"Maharashtrian, North Indian, Fast Food, Street Food",₹100 FOR TWO,lucknow
Mishra Bhojanalaya,3.5,"North Indian, Chinese, Snacks",₹250 FOR TWO,lucknow
Tarush Restaurant,3.3,"North Indian, Chinese",₹200 FOR TWO,lucknow
SLAY Coffee,4.3,"Beverages, Desserts",₹200 FOR TWO,lucknow
Biryani Blues,4.5,"Biryani, Hyderabadi, Lucknowi, Kebabs, Beverages, Desserts",₹400 FOR TWO,lucknow
Moti Mahal Sweets,4.4,"Sweets, Fast Food",₹300 FOR TWO,lucknow
Al Zaiqa,3.7,Mughlai,₹300 FOR TWO,lucknow
Choco foodie,--,"Desserts, Sweets, North Indian",₹300 FOR TWO,lucknow
The Peddlers,--,"Continental, North Indian",₹300 FOR TWO,lucknow
Firangi Bake,3.9,"Italian, Mexican, Pastas, Ice Cream",₹400 FOR TWO,lucknow
Faasos' Signature Wraps & Rolls,--,"Snacks, Beverages, Desserts, Indian",₹350 FOR TWO,lucknow
Sharma Chai,4.2,"Snacks, Beverages, North Indian",₹100 FOR TWO,lucknow
Mashi Biryani World,3.7,"North Indian, Biryani",₹150 FOR TWO,lucknow
LunchBox - Meals and Thalis,4.1,"North Indian, Punjabi, Biryani, Healthy Food, Jain, Thalis, Indian, Mughlai, Des...",₹200 FOR TWO,lucknow
De Globe Cafe,3.2,"Chinese, Snacks, Beverages",₹200 FOR TWO,lucknow
Behrouz Biryani,4.2,"Biryani, Mughlai, Lucknowi, Hyderabadi, Kebabs, North Indian, Persian, Desserts",₹500 FOR TWO,lucknow
Rollarappaa,3.9,"Fast Food, Street Food, North Indian, Snacks",₹200 FOR TWO,lucknow
Brindavan,--,Indian,₹200 FOR TWO,lucknow
Subway,4.1,"Healthy Food, Salads, Snacks, Desserts, Beverages",₹350 FOR TWO,lucknow
Keventers - Milkshakes and Desserts,4.1,"Beverages, Ice Cream, Desserts, Healthy Food",₹300 FOR TWO,lucknow
Wow! Momo,3.9,"Tibetan, Healthy Food, Asian, Chinese, Snacks, Continental, Desserts, Beverages",₹300 FOR TWO,lucknow
Barista,--,"Beverages, Snacks, Desserts",₹350 FOR TWO,lucknow
Presidency Kitchen,--,"Indian, Snacks, Fast Food",₹200 FOR TWO,lucknow
Marksmen,4.0,Chinese,₹400 FOR TWO,lucknow
Royal Sky-Skyotel,4.0,"Indian, Chinese, Continental, Mughlai",₹300 FOR TWO,lucknow
Mughal Zaika Aminabad,4.0,Mughlai,₹300 FOR TWO,lucknow
Royal Cafe (Colours),4.2,"Indian, Chinese, Continental",₹400 FOR TWO,lucknow
Tunday Kababi (Aminabad),4.3,Mughlai,₹200 FOR TWO,lucknow
Faheem Muradabadi Chicken Biryani Center,3.9,Biryani,₹200 FOR TWO,lucknow
The Belgian Waffle Co.,4.4,"Waffle, Desserts, Ice Cream",₹200 FOR TWO,lucknow
KATTAPA TAKEAWAY,2.8,"Thalis, North Indian",₹120 FOR TWO,lucknow
The Kalika Hut,3.9,"Indian, North Indian, Mughlai, Chinese",₹350 FOR TWO,lucknow
Pizza Hut,3.7,Pizzas,₹350 FOR TWO,lucknow
Mr. Brown,4.4,"Bakery, Italian, Snacks, Pizzas, Healthy Food, Beverages",₹150 FOR TWO,lucknow
Punjabi Dhaba,3.5,"North Indian, Biryani, Indian, Thalis",₹200 FOR TWO,lucknow
KFC,4.1,"American, Snacks, Biryani",₹400 FOR TWO,lucknow
McDonald's,4.0,American,₹400 FOR TWO,lucknow
Sardar ji Ke Mashoor Chhole Bhature Punjabi Zaiqa,3.9,"Punjabi, North Indian, Desserts, Thalis",₹60 FOR TWO,lucknow
Giani's,4.4,"Ice Cream, Beverages",₹250 FOR TWO,lucknow
Burger King,4.0,"Burgers, American",₹350 FOR TWO,lucknow
Sardar Ji Ke Mashoor Chhole Bhature,4.2,"North Indian, Punjabi",₹50 FOR TWO,lucknow
Taste Of India,3.8,"Indian, Tandoor, Mughlai",₹250 FOR TWO,lucknow
Al Baike Arabecue,4.2,Fast Food,₹200 FOR TWO,lucknow
Ram Asrey,4.2,"Snacks, Desserts, Sweets",₹150 FOR TWO,lucknow
ANNA DOSA,--,"South Indian, Desserts, Beverages",₹200 FOR TWO,lucknow
Alamgir Hotel,3.9,Mughlai,₹300 FOR TWO,lucknow
CHICAGO PIZZA,3.6,"Italian, Pizzas",₹300 FOR TWO,lucknow
Aryan Family's Delight,4.3,"North Indian, South Indian, Chinese, Italian",₹300 FOR TWO,lucknow
Chinese Kitchen,3.3,Chinese,₹200 FOR TWO,lucknow
La Pino'z Pizza,4.0,"Italian, Beverages, Desserts, Snacks",₹350 FOR TWO,lucknow
Pavillion - La Place Sarovar Portico,--,"North Indian, South Indian, Chinese",₹800 FOR TWO,lucknow
Sharma Ji Ki Chai Hazratganj,4.4,"Beverages, Snacks",₹50 FOR TWO,lucknow
Rattilal's Aminabad,3.8,"Sweets, North Indian, Snacks",₹60 FOR TWO,lucknow
The Cherry Tree Cafe,4.3,"Continental, Italian, Bakery, Beverages",₹250 FOR TWO,lucknow
Pankaj Non Veg Point,4.2,"Mughlai, Chinese, Indian, Fast Food",₹300 FOR TWO,lucknow
BAKE AND FLAME LA BRASSERIE,--,"Chinese, Continental, Pizzas",₹200 FOR TWO,lucknow
Brijwasi Bakery,--,Bakery,₹300 FOR TWO,lucknow
Curry Leaf,4.3,South Indian,₹300 FOR TWO,lucknow
Durgma Restaurant,3.9,"North Indian, Thalis, Desserts",₹250 FOR TWO,lucknow
NIC Natural Ice Creams,4.6,"Desserts, Ice Cream",₹120 FOR TWO,lucknow
Maa Durgama Restaurant,3.7,North Indian,₹300 FOR TWO,lucknow
Timpano,3.9,"Italian, Pastas",₹400 FOR TWO,lucknow
Kool Break,4.1,"Indian, Chinese, Continental",₹200 FOR TWO,lucknow
Moti Mahal,3.9,"Indian, Chinese, Continental",₹600 FOR TWO,lucknow
The Chocolate Room,3.8,Beverages,₹500 FOR TWO,lucknow
Pure Veg Meals by Lunchbox,4.2,"North Indian, Desserts, Biryani",₹200 FOR TWO,lucknow
Desi Kitchen,3.6,"North Indian, Chinese, Snacks, Fast Food, Tandoor, Mughlai",₹300 FOR TWO,lucknow
The Good Bowl,4.1,"North Indian, Punjabi, Biryani, Chinese, Beverages, Desserts, Jain, Indian, Hyde...",₹400 FOR TWO,lucknow
Oven Story Pizza,3.9,Pizzas,₹400 FOR TWO,lucknow
KUSUM ROLLS,--,"Biryani, Chinese, Street Food",₹150 FOR TWO,patna
BLUE MOON,3.3,Fast Food,₹300 FOR TWO,patna
Khana Khazana,3.4,"North Indian, Chinese, Biryani",₹300 FOR TWO,patna
Chandan Dhaba,3.4,"Indian, Tandoor, Biryani",₹150 FOR TWO,patna
Cake Palace,3.6,"Desserts, Bakery",₹250 FOR TWO,patna
Sujata Family Restaurant,3.5,"Mughlai, Chinese, North Indian",₹300 FOR TWO,patna
Kwality Walls Frozen Dessert and Ice Cream Shop,4.6,"Desserts, Ice Cream, Ice Cream Cakes",₹100 FOR TWO,patna
KOLKATTA BIRYANI,2.9,"North Indian, Biryani",₹300 FOR TWO,patna
Barbeque Nation,3.6,"North Indian, Barbecue, Biryani, Kebabs, Mughlai, Desserts",₹600 FOR TWO,patna
BENZOZ PIZZA,3.4,Italian,₹200 FOR TWO,patna
UBQ by Barbeque Nation,3.7,"North Indian, Barbecue, Biryani, Kebabs, Mughlai, Desserts",₹300 FOR TWO,patna
old champaran meat house,3.0,Indian,₹200 FOR TWO,patna
Darbaar,4.2,"North Indian, Biryani",₹400 FOR TWO,patna
Rollacosta,3.8,"Indian, Chinese, Continental",₹250 FOR TWO,patna
Dhaba & Kabab Wala,3.4,"Indian, Chinese",₹200 FOR TWO,patna
Kolkata Biryani Darbar,3.2,"Biryani, Indian, Chinese, Tandoor",₹200 FOR TWO,patna
Chandan Hotel,3.7,"North Indian, Biryani, Chinese",₹150 FOR TWO,patna
Banjara,3.9,"Chinese, Indian, South Indian",₹300 FOR TWO,patna
Biryani House,3.5,"Biryani, Mughlai",₹300 FOR TWO,patna
Keventers - Milkshakes and Desserts,4.1,"Beverages, Ice Cream, Desserts, Healthy Food",₹300 FOR TWO,patna
Classic Family Restaurant,3.2,"North Indian, Chinese, Biryani",₹400 FOR TWO,patna
Cafe Coffee Day,3.9,"Beverages, Snacks, Desserts",₹300 FOR TWO,patna
Hungry Hope,3.4,"Indian, Chinese",₹300 FOR TWO,patna
Biryani Mahal,3.9,"Biryani, Mughlai",₹500 FOR TWO,patna
Bikaner Sweets And Pastry Shop,4.2,"Bakery, Sweets",₹200 FOR TWO,patna
Macau Flavours,--,Chinese,₹200 FOR TWO,patna
Chennai Express,3.8,South Indian,₹300 FOR TWO,patna
Biryani King,3.4,"Indian, Tandoor, Chinese, Beverages, Ice Cream",₹300 FOR TWO,patna
Biryani Lazeez,2.5,"Chinese, Indian",₹200 FOR TWO,patna
Raj Darbar Family Restaurant,3.9,"Biryani, Chinese, North Indian, Desserts, Seafood",₹300 FOR TWO,patna
Amrapali Cafe,3.9,"North Indian, Chinese",₹600 FOR TWO,patna
HARILAL (Kankarbagh),4.1,"Bakery, Sweets, Indian",₹150 FOR TWO,patna
Dum Safar Biryani,--,"Biryani, Kebabs, Tandoor, Indian, Desserts",₹500 FOR TWO,patna
Rk Litti,4.0,"Street Food, Indian, Chaat",₹100 FOR TWO,patna
McDonald's,4.0,American,₹400 FOR TWO,patna
Gangadhar Hotel- Pure Veg,2.8,North Indian,₹150 FOR TWO,patna
Aasman,3.5,"North Indian, Continental, Chinese",₹1000 FOR TWO,patna
EXPRESS BY AB'S,3.5,"Biryani, North Indian, Chinese, South Indian, Kebabs, Pan-Asian",₹400 FOR TWO,patna
Sweet Home Confectioners,3.9,"Desserts, Snacks, Bakery",₹150 FOR TWO,patna
HARILAL ( Boring Road ),4.2,"Bakery, Sweets",₹150 FOR TWO,patna
Original Biryani Charminar,3.6,"Biryani, Indian, Chinese, Tandoor",₹200 FOR TWO,patna
The Biryani Mall,3.6,"Biryani, Tandoor, Mughlai",₹400 FOR TWO,patna
Pizza Hut,3.4,Pizzas,₹350 FOR TWO,patna
7 Colour's Kabab Hut,3.7,"Indian, Chinese",₹250 FOR TWO,patna
La Pino'z Pizza,3.7,Pizzas,₹300 FOR TWO,patna
Mansahar,3.9,"Chinese, Indian, Kebabs, Biryani",₹250 FOR TWO,patna
HARILAL (Gandhi Maidan),4.3,"Bakery, Sweets",₹200 FOR TWO,patna
Health King Juice & Cafe,--,"Street Food, Juices, Beverages",₹80 FOR TWO,patna
Rajdhani Hotel,3.4,"Chinese, Indian, Tandoor",₹200 FOR TWO,patna
The Underground Restaurant,--,"Chinese, North Indian, Biryani, Beverages",₹250 FOR TWO,patna
Baskin Robbins,4.1,"Desserts, Ice Cream",₹150 FOR TWO,patna
Khana Khazana,3.4,"North Indian, Chinese, Biryani",₹300 FOR TWO,patna
Sundae Everyday Ice Creams,4.1,"Ice Cream, Desserts, Beverages",₹100 FOR TWO,patna
Peshawari 11 to 11,4.0,Mughlai,₹400 FOR TWO,patna
Momo Street,4.1,"Asian, Chinese, Desserts, Beverages, Snacks",₹300 FOR TWO,patna
Manbhawan sweets,3.5,"Sweets, Snacks, South Indian, Chaat, Bakery, Pan-Asian",₹150 FOR TWO,patna
Biryani Mahal,3.9,"Biryani, Mughlai",₹500 FOR TWO,patna
Kouzina Kafe - The Food Court,4.3,"Bakery, Desserts, Ice Cream, Fast Food, Beverages, American, Burgers, Snacks",₹200 FOR TWO,patna
BLUE MOON,3.3,Fast Food,₹300 FOR TWO,patna
Biryani handi ghar,2.5,Biryani,₹200 FOR TWO,patna
Bikaner Sweets And Pastry Shop,4.2,"Bakery, Sweets",₹200 FOR TWO,patna
Sardarji's Kitchen,3.5,"Chinese, Indian, Punjabi, Tandoor",₹200 FOR TWO,patna
Sagar Restaurant,--,"Indian, Chinese",₹300 FOR TWO,patna
Dosa Plaza (Pure Veg),3.4,South Indian,₹199 FOR TWO,patna
Toritto's By Foresto,3.3,"Indian, Snacks, South Indian",₹300 FOR TWO,patna
Ghar Angana,3.4,"North Indian, Chinese, South Indian",₹500 FOR TWO,patna
DREAM SHAKES AND CO.,4.2,"Beverages, Desserts",₹300 FOR TWO,patna
Drink Shakes,--,Beverages,₹100 FOR TWO,patna
Dragon Xpress,3.8,"Chinese, Indian",₹300 FOR TWO,patna
Kapil Dev's Eleven,--,"North Indian, Chinese, Continental",₹1000 FOR TWO,patna
Dragon Flames Delivery,4.0,Chinese,₹400 FOR TWO,patna
Raj Darbar Take-Away,3.8,"Indian, Biryani",₹300 FOR TWO,patna
Mom's Pizza & Cafe,3.1,"Italian, North Indian, Pizzas, Snacks, Beverages",₹250 FOR TWO,patna
Naushijaan,3.9,"Biryani, Kebabs, North Indian, Tandoor",₹500 FOR TWO,patna
Indian Summer Cafe,3.7,North Indian,₹800 FOR TWO,patna
Y Cheat Meals,3.2,"Fast Food, Chinese",₹100 FOR TWO,patna
Anmol Pal Hotel,3.4,"Chinese, South Indian, North Indian",₹450 FOR TWO,patna
MUMMY'S KITCHEN,--,"North Indian, Chinese, Biryani, Snacks",₹400 FOR TWO,patna
Bomb Burger,3.7,"American, Snacks",₹250 FOR TWO,patna
Rajdhani Hotel,3.4,"Chinese, Indian, Tandoor",₹200 FOR TWO,patna
Moshi Moshi,3.8,"Asian, Chinese, Sushi, Thai, Japanese",₹1000 FOR TWO,pune
The Burger House,3.9,American,₹300 FOR TWO,pune
McDonald's,4.3,"Burgers, Beverages, Cafe, Desserts",₹400 FOR TWO,pune
Rolls Mania,4.3,"Fast Food, Snacks, Beverages",₹200 FOR TWO,pune
Sandwich Express,4.4,Fast Food,₹200 FOR TWO,pune
Teri Rajput,4.4,"Street Food, North Indian, Desserts",₹170 FOR TWO,pune
Bebe Di Rasoi - Punjabi,4.0,"North Indian, Punjabi, Biryani, Kebabs, Mughlai, Desserts, Beverages",₹300 FOR TWO,pune
QORA Cocktail Bar and Kitchen,--,"Asian, Indian, Chinese",₹2000 FOR TWO,pune
Burger 69 & More,--,American,₹300 FOR TWO,pune
Cafe Durga,3.9,"Fast Food, Beverages, Snacks, South Indian, Chinese",₹200 FOR TWO,pune
1441 Pizzeria,3.6,"Italian, Pizzas, Pastas, Fast Food",₹400 FOR TWO,pune
Cafe Rolls Inn,4.3,Fast Food,₹200 FOR TWO,pune
Royal China,4.4,"Chinese, Asian, Oriental, Seafood, Desserts",₹1500 FOR TWO,pune
China Park,4.0,Chinese,₹250 FOR TWO,pune
"Frozen Bottle - Milkshakes, Desserts And Ice Cream",4.4,"Beverages, Desserts, Ice Cream, Waffle, Bakery, Healthy Food",₹250 FOR TWO,pune
The Burger Barn Cafe,4.1,American,₹300 FOR TWO,pune
Third Wave Coffee,--,"Beverages, Desserts, Bakery, Pizzas",₹400 FOR TWO,pune
Mad House Grill,--,"Continental, Salads",₹1000 FOR TWO,pune
SAMMEYS,--,Ice Cream,₹400 FOR TWO,pune
Brewberries,--,"Pizzas, Pastas",₹500 FOR TWO,pune
Sahare Dining Hall,4.3,"Gujarati, Rajasthani, Combo, Beverages",₹300 FOR TWO,pune
The Belgian Waffle Co.,4.4,"Waffle, Desserts, Ice Cream",₹200 FOR TWO,pune
Blue Nile,4.2,"Biryani, Mughlai, Tandoor, Chinese, Desserts, Ice Cream, Beverages",₹700 FOR TWO,pune
Huber & Holly,4.5,"Desserts, Ice Cream, Snacks, Pizzas, Pastas",₹500 FOR TWO,pune
Hungrezy,4.1,"Asian, Continental, Fast Food, Snacks, Combo, Desserts, Chinese, Indian, North I...",₹400 FOR TWO,pune
THE CHICKSTER- Fried Chicken,4.0,"American, Snacks, Beverages, Desserts, Fast Food, Burgers",₹450 FOR TWO,pune
WOW - World of Wings,--,Barbecue,₹300 FOR TWO,pune
Buddha Paradise,3.9,"South Indian, Fast Food, Chinese",₹250 FOR TWO,pune
Wow! Momo,4.0,"Tibetan, Healthy Food, Asian, Chinese, Snacks, Continental, Desserts, Beverages",₹200 FOR TWO,pune
Alfa Southinn Cafe,4.0,"Lebanese, Biryani, Kerala, North Indian",₹400 FOR TWO,pune
Sassy Teaspoon,4.3,"Ice Cream, Desserts, Bakery",₹800 FOR TWO,pune
One China,--,Chinese,₹300 FOR TWO,pune
Paratha Punjab,--,"North Indian, Indian, Beverages",₹200 FOR TWO,pune
Sicilia's All Day Kitchen & Cafe,4.8,"Italian, Mexican, Fast Food, Continental",₹400 FOR TWO,pune
Murphies,4.0,"European, Italian, Continental, Healthy Food, Salads, Pizzas, Beverages",₹1100 FOR TWO,pune
Arthur's Theme,4.1,"Italian, European",₹800 FOR TWO,pune
The Mousse Coupe,--,Desserts,₹250 FOR TWO,pune
Trattoria by Toscano,4.2,"Italian, Pizzas, Pastas, Continental, Salads, Desserts, Beverages, Healthy Food",₹1200 FOR TWO,pune
Grandmama's Cafe,4.1,"Italian, Continental, Beverages, Burgers, Pastas, Pizzas",₹800 FOR TWO,pune
Donatella,3.9,"Pizzas, Italian, Mexican",₹400 FOR TWO,pune
PUNJAB JUNCTION,--,"Indian, North Indian, Beverages",₹400 FOR TWO,pune
THE JALEBI HUNT,3.7,"Desserts, Snacks",₹200 FOR TWO,pune
Mankar Dosa,4.0,"South Indian, Fast Food",₹200 FOR TWO,pune
Theobroma,4.4,"Desserts, Bakery, Beverages",₹800 FOR TWO,pune
Kushta by Semporo,4.4,"North Indian, Mughlai, Biryani, Indian",₹800 FOR TWO,pune
German Bakery,3.8,"Italian, German, Continental",₹700 FOR TWO,pune
The Daily All Day Pune,4.1,"European, Asian, Continental",₹1000 FOR TWO,pune
The Doner Company,4.2,"Salads, Lebanese, Middle Eastern",₹350 FOR TWO,pune
Nothing but Chicken,4.1,"Salads, Fast Food",₹400 FOR TWO,pune
Dhaba shaba veg bistro,4.2,"North Indian, Biryani, Chinese, Combo, Thalis, Snacks, Desserts",₹550 FOR TWO,pune
Carnival Restaurant & Bar,4.3,"North Indian, Chinese, Seafood, Continental",₹1000 FOR TWO,pune
Prem's,4.3,"North Indian, Chinese, Continental, Asian, Desserts, Beverages",₹1000 FOR TWO,pune
Seven - Shawarma and Burgers,3.9,"Lebanese, Snacks, Arabian",₹250 FOR TWO,pune
"Frozen Bottle - Milkshakes, Desserts And Ice Cream",4.4,"Beverages, Desserts, Ice Cream, Waffle, Bakery, Healthy Food",₹250 FOR TWO,pune
Cake Dior,4.5,Bakery,₹350 FOR TWO,pune
Natural Ice Cream,4.7,Ice Cream,₹150 FOR TWO,pune
ZA'ATAR,4.3,"Lebanese, Mediterranean, Middle Eastern",₹700 FOR TWO,pune
The Sassy Spoon,4.2,"European, Continental, American, Asian, Desserts",₹1200 FOR TWO,pune
Kareem's,3.7,"Mughlai, North Indian, Punjabi, Biryani, Tandoor, Kebabs, Beverages, Maharashtri...",₹300 FOR TWO,pune
Toscano,4.3,"Italian, Pizzas, Pastas, Continental, Salads, Desserts, Beverages, Healthy Food",₹1200 FOR TWO,pune
The Fresh Press,4.5,"Beverages, Juices",₹300 FOR TWO,pune
Butter Brews - Koregaon Park,4.3,"European, Continental",₹600 FOR TWO,pune
Karachi Sweet Mart,4.3,Sweets,₹200 FOR TWO,pune
Chafa Cafe and Studio,4.6,"Italian-American, Continental",₹900 FOR TWO,pune
Pimlico,4.2,"Continental, Italian, Thai, Pizzas, Healthy Food, Pastas, Beverages",₹500 FOR TWO,pune
Super Burgers,4.3,Fast Food,₹450 FOR TWO,pune
Subway,4.4,"Healthy Food, Salads, Snacks, Desserts, Beverages",₹350 FOR TWO,pune
Malaka Spice,4.3,"Malaysian, Thai, Korean, Japanese, Asian, Vietnamese, Salads",₹1300 FOR TWO,pune
Pizza Hut,3.6,Pizzas,₹350 FOR TWO,pune
UBQ by Barbeque Nation,4.0,"North Indian, Barbecue, Biryani, Kebabs, Mughlai, Desserts",₹300 FOR TWO,pune
Toscano's Crafted Cakes and Desserts,--,"Italian, Desserts, Bakery, Beverages",₹1200 FOR TWO,pune
The Cake & Cream Factory,4.1,"Bakery, Desserts",₹300 FOR TWO,pune
Mainland China,4.4,"Chinese, Oriental, Thai, Pan-Asian, Seafood, Asian, Desserts",₹850 FOR TWO,pune
Modern Cakes,4.3,Bakery,₹300 FOR TWO,pune
GATTI CHUTNEY,4.2,South Indian,₹200 FOR TWO,pune
Uncle's Chinese,4.2,"Chinese, Thai, Malaysian",₹350 FOR TWO,pune
Drum Roll,3.8,"Snacks, Asian",₹300 FOR TWO,pune
Tibetan mother's kitchen,4.6,"Korean, Beverages, Fast Food",₹500 FOR TWO,pune
Hotel Al Zaika,3.9,"Mughlai, North Indian, Chinese",₹300 FOR TWO,pune
Rajput restaurant,4.3,"North Indian, Chinese",₹300 FOR TWO,pune
The London Shakes,4.0,"Pizzas, Beverages, Snacks, Desserts, American",₹300 FOR TWO,varanasi
FIDKA,4.0,Indian,₹700 FOR TWO,varanasi
Bikanervala,4.0,"North Indian, South Indian, Street Food",₹500 FOR TWO,varanasi
THE MOMO HUT,3.5,"Chinese, Pastas, Snacks",₹150 FOR TWO,varanasi
Pizzeria Vaatika Cafe,3.8,"North Indian, Italian, Snacks",₹500 FOR TWO,varanasi
STAR LAXMI FAMILY RESTAURANT,--,"Indian, Pizzas, Snacks",₹200 FOR TWO,varanasi
TUMMY FULL TREAT,--,"North Indian, Chinese, Biryani",₹400 FOR TWO,varanasi
Keshari Food Plaza,--,"North Indian, South Indian, Snacks",₹400 FOR TWO,varanasi
Vada Grill,4.1,"Maharashtrian, North Indian, Fast Food, Street Food",₹100 FOR TWO,varanasi
Hygiene India,--,"North Indian, Chinese, Beverages, Desserts, Continental",₹150 FOR TWO,varanasi
Ming Garden Bakery,3.8,"Snacks, Desserts",₹300 FOR TWO,varanasi
The Biryani Mahal,--,"Biryani, Indian, Chinese",₹400 FOR TWO,varanasi
Keventers - Milkshakes and Desserts,4.4,"Beverages, Ice Cream, Desserts, Healthy Food",₹300 FOR TWO,varanasi
Chestnuts,4.0,Bakery,₹450 FOR TWO,varanasi
Shivaz Restaurant,--,"North Indian, Chinese, Tandoor",₹350 FOR TWO,varanasi
OREGANO'S,3.8,"Fast Food, Italian, Snacks",₹350 FOR TWO,varanasi
99 Pancakes,4.2,"Bakery, Waffle, Beverages",₹300 FOR TWO,varanasi
Momos N Chinese,--,"Street Food, Chinese, Snacks, Combo",₹100 FOR TWO,varanasi
Yogiks Cafe,4.0,"Indian, Beverages, Desserts",₹450 FOR TWO,varanasi
Maharaja Foods - Lanka,3.9,"Snacks, Chinese, North Indian, Biryani",₹200 FOR TWO,varanasi
Zaika,3.6,"Indian, Mughlai",₹400 FOR TWO,varanasi
English Masala,4.2,"North Indian, Chinese, Snacks, Beverages",₹350 FOR TWO,varanasi
Roma's Cafe Diner,4.1,"North Indian, Chinese, Continental, Italian, Mexican",₹700 FOR TWO,varanasi
Pind Balluchi,3.9,"North Indian, Biryani, Mughlai, Thalis, Chinese",₹400 FOR TWO,varanasi
BBC Hotel & Restaurant,3.5,"North Indian, South Indian, Chinese, Snacks",₹250 FOR TWO,varanasi
Ming Garden,3.9,Chinese,₹500 FOR TWO,varanasi
VCD Bakery,3.9,"Bakery, Desserts, Snacks",₹300 FOR TWO,varanasi
New Apna Family Restaurant,3.5,"North Indian, Biryani, Chinese, Beverages",₹300 FOR TWO,varanasi
YELLOW CURRY POINT,--,"North Indian, Indian, Chinese",₹250 FOR TWO,varanasi
Interval,3.9,"North Indian, Continental, Chinese",₹300 FOR TWO,varanasi
New Banaras Restaurant & Bhojnalay,--,"Indian, Chinese, South Indian",₹400 FOR TWO,varanasi
Pahalwan Lassi Bhandar,3.9,Beverages,₹100 FOR TWO,varanasi
IFC So Best,3.6,"North Indian, Biryani",₹250 FOR TWO,varanasi
Cafe 365,--,North Indian,₹300 FOR TWO,varanasi
The Benaras Bakery,3.7,Bakery,₹200 FOR TWO,varanasi
ROYAL FOOD COURT,--,"Indian, Biryani, Sweets",₹250 FOR TWO,varanasi
CHAI BAR,3.6,"Beverages, Indian, Street Food, Snacks",₹200 FOR TWO,varanasi
The Life House,--,"Italian, Fast Food, Snacks, Desserts",₹250 FOR TWO,varanasi
Mr Jalapenos,--,"Mexican, Italian, Chinese, Indian",₹300 FOR TWO,varanasi
The Kerala House And Cafe,3.1,South Indian,₹200 FOR TWO,varanasi
Shri Narayan Mishthan Bhandar,3.9,"Sweets, Snacks",₹350 FOR TWO,varanasi
Pizaa in town,3.9,"Pizzas, Italian",₹199 FOR TWO,varanasi
Hunger Point,3.3,"Indian, Chinese, South Indian, North Indian",₹200 FOR TWO,varanasi
Break-Da-Fast,3.7,"North Indian, Combo",₹200 FOR TWO,varanasi
Flavours Restaurant,--,"North Indian, Thai, South Indian",₹500 FOR TWO,varanasi
Shawarma & Biryani Nation,--,"Biryani, Arabian",₹250 FOR TWO,varanasi
Dosa King,3.0,"South Indian, Fast Food, Snacks",₹200 FOR TWO,varanasi
Kukudooku Restaurant,3.6,"North Indian, Biryani, Chinese, Beverages",₹300 FOR TWO,varanasi
Aman E Khas,4.0,"Mughlai, Biryani, North Indian, Chinese",₹350 FOR TWO,varanasi
Banaras Burger Corner,3.6,"North Indian, South Indian, Snacks, Chinese",₹250 FOR TWO,varanasi
The conti junction,--,Chinese,₹250 FOR TWO,varanasi
Capsicum,4.0,"North Indian, Pizzas, Chinese, South Indian, Bakery",₹250 FOR TWO,varanasi
Chicago Pizza,3.6,"Pizzas, Pastas, Italian, Beverages",₹250 FOR TWO,varanasi
Paprika Food Court,3.8,"North Indian, Chinese, Continental, Biryani, Beverages, South Indian",₹350 FOR TWO,varanasi
Shri Bhola,3.8,Indian,₹100 FOR TWO,varanasi
Western Street Cafe & Restaurant,4.0,"North Indian, Chinese, Continental, Snacks",₹400 FOR TWO,varanasi
Central Conversations,3.8,"Snacks, Beverages, Pizzas, Italian, Continental",₹250 FOR TWO,varanasi
Sagar Ratna,3.9,"South Indian, North Indian, Chinese",₹400 FOR TWO,varanasi
Rahil Restaurant,3.8,"North Indian, Chinese, South Indian, Thalis, Snacks",₹350 FOR TWO,varanasi
BBC Restaurant,3.3,"North Indian, Chinese, Biryani, Tandoor, South Indian, Thalis",₹200 FOR TWO,varanasi
The Biryani Mahal,3.7,"Biryani, Mughlai, North Indian, Snacks",₹350 FOR TWO,varanasi
THE CORIANDER BLEND,3.9,"Chinese, Italian",₹250 FOR TWO,varanasi
Flavours Cafe,3.8,North Indian,₹400 FOR TWO,varanasi
Apna Family Restaurant,3.5,"Indian, North Indian",₹250 FOR TWO,varanasi
Chrystal Bowl Restaurant,3.9,"Italian, North Indian",₹500 FOR TWO,varanasi
URBAN PUNJAB,--,"North Indian, Biryani, Sweets",₹300 FOR TWO,varanasi
THE SNACKS HUB,--,"Snacks, Chinese",₹250 FOR TWO,varanasi
SIGDEE THE GRILL AND FOOD FACTORY,--,"Chinese, Tandoor, Mughlai, Biryani",₹400 FOR TWO,varanasi
Tasty Bites,3.7,"Street Food, North Indian, Chinese, Biryani",₹150 FOR TWO,varanasi
italianio,--,"Chinese, Fast Food",₹250 FOR TWO,varanasi
Banarasi Tadka,3.6,"North Indian, Indian, Mughlai, South Indian",₹300 FOR TWO,varanasi
CHICKEN KING,--,"North Indian, Snacks",₹250 FOR TWO,varanasi
Nathu's Sweets,3.8,"Pizzas, Sweets, Fast Food",₹1000 FOR TWO,varanasi
Tanish Dining and Cafe,3.8,"North Indian, Beverages, Snacks",₹500 FOR TWO,varanasi
Central Pizzeria,--,"Pizzas, Italian, Fast Food",₹400 FOR TWO,varanasi
Yo Pizza,--,"Pizzas, Italian, Snacks",₹300 FOR TWO,varanasi
BIRYANI & CHINEESE,--,North Indian,₹200 FOR TWO,varanasi
CLASSIC SOYA CHAAP ZONE,--,"North Indian, Snacks",₹300 FOR TWO,varanasi
BURGER POINT,--,"American, Fast Food",₹250 FOR TWO,varanasi
Singh's Delight Restaurant(Sunderpur),3.9,"North Indian, Biryani, Mughlai, Chinese",₹350 FOR TWO,varanasi
